1stD,1stD_Defense,1stD_Defense_Low_Rank,1stD_High_Rank,1stDpass,1stDpass_Defense,1stDpass_Defense_Low_Rank,1stDpass_High_Rank,1stDrun,1stDrun_Defense,1stDrun_Defense_Low_Rank,1stDrun_High_Rank,1stPy,1stPy_Defense,1stPy_Defense_Low_Rank,1stPy_High_Rank,2PA,2PA_Defense,2PM,2PM_Defense,ANY/A,ANY/A_Defense,ANY/A_Defense_Low_Rank,ANY/A_High_Rank,APYd,APYd_High_Rank,AY/A,AY/A_Defense,AY/A_Defense_Low_Rank,AY/A_High_Rank,AllTD,Cmp,Cmp%,Cmp%_Defense,Cmp%_Defense_Low_Rank,Cmp%_High_Rank,Cmp_Defense,Cmp_Defense_Low_Rank,Cmp_High_Rank,DefensivePtsScored,DefensivePtsScored_High_Rank,Dscore,Dscore_Rank,FG%,FG%_Defense,FG%_Defense_Low_Rank,FG%_High_Rank,FGA019,FGA2029,FGA3039,FGA4049,FGA50Plus,FGM019,FGM2029,FGM3039,FGM4049,FGM50Plus,FL,FL_Defense,FL_Defense_High_Rank,FL_Low_Rank,FantasyDstScore,FantasyDstScore_Rank,FantasyOffenseScore,FantasyOffenseScore_Rank,FantasyPassScore,FantasyPassScore_Rank,FantasyRushScore,FantasyRushScore_Rank,Fmb,FmbTD,FmbTD_Defense,Fmb_Low_Rank,FumbleLostPercent,FumbleLostPercent_Low_Rank,GameControlPlusBalance,GameControlPlusBalance_Rank,GameControlScore,GameControlScore_Rank,Int,Int%,Int%_Defense,Int%_Defense_High_Rank,Int%_Low_Rank,IntTD,IntTD_Defense,Int_Defense,Int_Defense_High_Rank,Int_Low_Rank,KickRet,KickRet_Defense,KickRet_Defense_Low_Rank,KickRet_High_Rank,KrTD,KrTD_Defense,KrTD_Defense_Low_Rank,KrTD_High_Rank,KrYds,KrYds_Defense,KrYds_Defense_Low_Rank,KrYds_High_Rank,NY/A,NY/A_Defense,NY/A_Defense_Low_Rank,NY/A_High_Rank,Oscore,Oscore_Rank,OthTD,OthTD_Defense,PF,PF_Defense,PF_Defense_Low_Rank,PF_Differential,PF_Differential_High_Rank,PF_High_Rank,PassAtt,PassAtt_Defense,PassAtt_Defense_Low_Rank,PassAtt_High_Rank,PassPercent,PassPercent_Defense,PassPercent_Defense_High_Rank,PassPercent_High_Rank,PassRun1dRatio,PassRun1dRatio_High_Rank,PassTD,PassTD%,PassTD%_Defense,PassTD%_Defense_Low_Rank,PassTD%_High_Rank,PassTD_Defense,PassTD_Defense_Low_Rank,PassTD_High_Rank,PassTdPercent,PassTdPercent_Defense,PassTdPercent_Defense_High_Rank,PassTdPercent_High_Rank,PassYdPercent,PassYdPercent_Defense,PassYdPercent_Defense_High_Rank,PassYdPercent_High_Rank,PassYds,PassYds_Defense,PassYds_Defense_Low_Rank,PassYds_High_Rank,Pen,PenYds,PenYds_Defense,PenYds_Defense_Low_Rank,PenYds_Low_Rank,Pen_Defense,Pen_Defense_Low_Rank,Pen_Low_Rank,Penalty1dPercent,Penalty1dPercent_Defense,Penalty1dPercent_Defense_High_Rank,Penalty1dPercent_High_Rank,Ply,Ply_Defense,Ply_Defense_Low_Rank,Ply_High_Rank,Pnt,PntBlck,PntBlck_Defense,PntBlck_Defense_Low_Rank,PntBlck_Low_Rank,PntRet_Defense,PntRet_Defense_Low_Rank,PntYds,PntYds_Defense,PntYds_Defense_Low_Rank,PntYds_High_Rank,Pnt_Defense,Pnt_Defense_Low_Rank,Pnt_High_Rank,PrTD,PrTD_Defense,PrTD_Defense_Low_Rank,PrTD_High_Rank,PrYds,PrYds_Defense,PrYds_Defense_Low_Rank,PrYds_High_Rank,PuntRet,PuntRet_High_Rank,QbRating,QbRating_Defense,QbRating_Defense_Low_Rank,QbRating_High_Rank,RawPassYds,RawPassYds_High_Rank,RunPass1dRatio,RunPass1dRatio_High_Rank,RunPercent,RunPercent_Defense,RunPercent_Defense_High_Rank,RunPercent_High_Rank,RunTdPercent,RunTdPercent_Defense,RunTdPercent_Defense_High_Rank,RunTdPercent_High_Rank,RunYdPercent,RunYdPercent_Defense,RunYdPercent_Defense_High_Rank,RunYdPercent_High_Rank,RushAtt,RushAtt_Defense,RushAtt_Defense_Low_Rank,RushAtt_High_Rank,RushTD,RushTD_Defense,RushTD_Defense_Low_Rank,RushTD_High_Rank,RushYds,RushYds_Defense,RushYds_Defense_Low_Rank,RushYds_High_Rank,STscore,STscore_Rank,Sc%,Sc%_Defense,Sc%_Defense_Low_Rank,Sc%_High_Rank,Sfty,Sfty_Defense,Sk,Sk%,Sk%_Defense,Sk%_Defense_High_Rank,Sk%_Low_Rank,SkYds,SkYds_Defense,SkYds_Defense_High_Rank,SkYds_Low_Rank,Sk_Defense,Sk_Defense_High_Rank,Sk_Low_Rank,TFGA,TFGA_Defense,TFGA_Defense_Low_Rank,TFGA_High_Rank,TFGM,TFGM_Defense,TFGM_Defense_Low_Rank,TFGM_High_Rank,TO,TO%,TO%_Defense,TO%_Defense_High_Rank,TO%_Low_Rank,TO_Defense,TO_Defense_High_Rank,TO_Differential,TO_Differential_High_Rank,TO_Low_Rank,ThreePhaseScore,ThreePhaseScore_Rank,Tm,TotalYds,TotalYds_Defense,TotalYds_Defense_Low_Rank,TotalYds_High_Rank,XP%,XP%_Defense,XP%_Defense_Low_Rank,XP%_High_Rank,XPA,XPA_Defense,XPA_Defense_Low_Rank,XPA_High_Rank,XPM,XPM_Defense,XPM_Defense_Low_Rank,XPM_High_Rank,Y/Apass,Y/Apass_Defense,Y/Apass_Defense_Low_Rank,Y/Apass_High_Rank,Y/Arun,Y/Arun_Defense,Y/Arun_Defense_Low_Rank,Y/Arun_High_Rank,Y/C,Y/C_Defense,Y/C_Defense_Low_Rank,Y/C_High_Rank,Y/KR,Y/KR_Defense,Y/KR_Defense_Low_Rank,Y/KR_High_Rank,Y/PR,Y/PR_Defense,Y/PR_Defense_Low_Rank,Y/PR_High_Rank,Y/Play,Y/Play_Defense,Y/Play_Defense_Low_Rank,Y/Play_High_Rank,Y/Pnt,Y/Pnt_Defense,Y/Pnt_Defense_Low_Rank,Y/Pnt_High_Rank,Yds_Differential,Yds_Differential_High_Rank,YppYprRatio,YppYprRatio_Defense,YppYprRatio_Defense_High_Rank,YppYprRatio_High_Rank
353.0,290.0,10.0,3.0,173.0,196.0,28.0,10.0,165.0,76.0,1.0,1.0,15.0,18.0,7.5,26.0,0.0,0.0,0.0,0.0,7.2,4.8,14.0,1.0,8137.0,2.0,8.3,6.0,17.0,1.0,63.0,278.0,60.0,52.8,3.0,5.0,301.0,22.0,16.0,26.0,8.0,10.416666666666666,8.0,70.2,71.4,12.5,17.0,1.0,10.0,19.0,12.0,3.0,1.0,10.0,14.0,7.0,1.0,7.0,27.0,2.0,1.0,8.666666666666666,2.5,4.38125,1.0,5.95,3.0,2.8125,1.0,13.0,3.0,1.0,1.0,0.5384615384615384,16.0,,,,,11.0,2.4,6.0,2.5,3.0,1.0,0.0,34.0,1.0,2.5,63.0,91.0,28.0,14.5,0.0,0.0,13.0,15.5,1301.0,1772.0,27.0,13.0,7.1,6.4,21.5,2.0,3.5833333333333335,1.0,0.0,0.0,541.0,332.0,11.0,209.0,1.0,1.0,463.0,570.0,28.0,19.0,0.4418811002661934,0.6402061855670103,1.0,25.0,1.0484848484848486,23.0,29.0,6.3,4.9,22.0,2.5,28.0,25.0,6.0,0.4915254237288136,0.7567567567567568,1.0,23.0,0.572405929304447,0.755129179331307,1.0,22.0,3514.0,3975.0,28.0,7.0,90.0,776.0,710.0,4.5,8.0,80.0,1.0,8.5,0.042492917847025496,0.06206896551724138,22.0,28.0,1127.0,970.0,1.0,2.0,72.0,0.0,0.0,14.5,8.0,41.0,11.5,2796.0,2746.0,2.0,26.0,66.0,2.0,21.5,0.0,1.0,22.5,20.5,387.0,407.0,20.0,14.0,49.0,9.5,97.0,69.6,7.0,1.0,3765.0,10.0,0.953757225433526,6.0,0.5581188997338066,0.3597938144329897,28.0,4.0,0.5084745762711864,0.2432432432432432,28.0,6.0,0.427594070695553,0.24487082066869306,28.0,7.0,629.0,349.0,1.0,1.0,30.0,9.0,1.5,1.0,2625.0,1289.0,1.0,3.0,17.462962962962962,23.0,0.0,0.0,14.5,14.5,1.0,0.0,35.0,7.0,8.2,11.5,9.0,251.0,402.0,6.0,5.0,51.0,6.5,6.5,47.0,28.0,16.0,1.0,33.0,20.0,17.0,2.0,18.0,0.0,0.0,14.5,14.5,61.0,1.0,43.0,1.0,1.0,9.853535353535353,4.0,Washington Redskins,6139.0,5264.0,12.0,3.0,98.4,97.4,22.0,5.0,63.0,39.0,11.5,1.0,62.0,38.0,12.0,1.0,8.1,7.7,24.0,2.0,4.2,3.7,7.0,11.5,13.5,14.5,27.0,8.0,20.7,19.5,15.0,6.0,7.9,9.9,22.0,18.5,5.4,5.4,23.0,5.5,38.8,41.6,19.5,27.0,875.0,3.0,1.9285714285714284,2.081081081081081,3.0,7.0
342.0,286.0,5.0,5.0,205.0,181.0,21.5,4.0,109.0,82.0,2.0,20.0,28.0,23.0,16.0,6.0,0.0,0.0,0.0,0.0,5.6,5.3,19.5,7.5,8104.0,3.0,6.6,6.6,20.0,9.0,59.0,346.0,62.5,53.6,6.0,4.0,299.0,19.0,3.0,38.0,2.0,12.583333333333334,13.0,81.5,73.3,15.0,7.0,0.0,5.0,8.0,12.0,2.0,0.0,5.0,8.0,9.0,0.0,14.0,21.0,4.5,7.5,9.041666666666666,6.0,8.73125,3.0,6.15,4.0,11.3125,11.0,30.0,3.0,0.0,8.5,0.4666666666666667,7.0,,,,,25.0,4.5,4.8,9.5,12.5,2.0,1.0,27.0,5.5,20.5,71.0,78.0,26.0,6.0,0.0,0.0,13.0,15.5,1351.0,1806.0,28.0,8.0,6.5,6.4,21.5,5.5,8.0,4.0,1.0,1.0,479.0,360.0,20.0,119.0,4.0,2.0,554.0,558.0,27.0,8.0,0.5324324324324324,0.6,2.0,13.0,1.8807339449541285,5.0,31.0,5.6,4.8,20.0,6.5,27.0,23.0,2.5,0.5961538461538461,0.6923076923076923,6.0,14.0,0.644739050176204,0.7237884650819975,2.0,8.0,3842.0,3928.0,27.0,4.0,99.0,847.0,873.0,20.0,17.0,100.0,15.5,15.0,0.08187134502923976,0.08041958041958043,8.0,8.0,1110.0,1025.0,10.0,3.0,83.0,1.0,0.0,14.5,21.0,53.0,23.0,3312.0,3511.0,22.0,15.0,84.0,20.0,11.5,1.0,1.0,22.5,6.5,461.0,588.0,26.0,6.5,51.0,7.5,85.2,75.3,16.0,5.0,4156.0,4.0,0.5317073170731708,24.0,0.4675675675675676,0.4,27.0,16.0,0.40384615384615385,0.3076923076923077,23.0,15.0,0.355260949823796,0.2762115349180025,27.0,21.0,519.0,410.0,2.0,12.0,21.0,12.0,8.0,3.0,2117.0,1499.0,2.5,15.0,18.469135802469136,24.0,0.0,0.0,14.5,14.5,1.0,0.0,37.0,6.3,9.3,8.5,7.0,314.0,437.0,4.5,10.0,57.0,3.0,8.5,27.0,30.0,20.0,11.0,22.0,22.0,21.0,9.5,39.0,0.0,0.0,14.5,14.5,48.0,5.0,9.0,7.0,15.5,12.521885521885524,8.0,Dallas Cowboys,5959.0,5427.0,17.0,5.0,96.6,100.0,27.0,13.0,59.0,42.0,18.0,2.0,57.0,42.0,20.5,2.0,7.5,7.8,25.5,8.5,4.1,3.7,7.0,15.0,12.0,14.6,28.0,19.5,19.0,23.2,27.5,18.0,9.0,11.1,26.0,11.0,5.4,5.3,20.5,5.5,39.9,41.8,22.5,20.5,532.0,6.0,1.829268292682927,2.108108108108108,1.0,12.0
356.0,285.0,3.0,2.0,181.0,170.0,17.0,8.0,143.0,86.0,3.0,6.0,32.0,29.0,25.0,3.0,0.0,0.0,0.0,0.0,5.3,4.5,8.5,11.0,8062.0,4.0,6.8,5.9,13.5,7.0,54.0,301.0,59.7,53.1,4.0,6.0,282.0,13.0,11.0,28.0,7.0,7.666666666666667,3.0,77.8,76.0,21.0,12.0,0.0,11.0,9.0,6.0,1.0,0.0,9.0,8.0,4.0,0.0,25.0,16.0,18.5,26.0,9.25,7.0,9.80625,4.0,8.05,8.0,11.5625,12.0,46.0,2.0,5.0,26.0,0.5434782608695652,18.0,,,,,24.0,4.8,3.8,21.0,17.0,2.0,0.0,20.0,20.5,18.5,61.0,68.0,18.5,18.5,0.0,0.0,13.0,15.5,1175.0,1227.0,14.0,18.0,6.2,5.4,3.0,10.5,10.416666666666666,6.0,0.0,0.0,442.0,338.0,13.0,104.0,5.0,3.0,504.0,531.0,23.0,13.0,0.5077202543142597,0.57421875,3.0,17.0,1.2657342657342658,17.0,31.0,6.2,3.8,7.0,5.0,20.0,10.5,2.5,0.6326530612244898,0.6060606060606061,13.0,10.0,0.6060499472388322,0.6659646166807077,4.0,14.0,3446.0,3162.0,13.0,9.0,121.0,992.0,947.0,23.0,25.0,109.0,22.0,27.0,0.0898876404494382,0.10175438596491228,2.0,5.0,1101.0,1024.0,8.5,4.0,78.0,0.0,0.0,14.5,8.0,35.0,4.5,3336.0,4060.0,28.0,14.0,100.0,28.0,18.5,1.0,2.0,27.5,6.5,666.0,334.0,14.0,1.0,58.0,1.5,84.8,71.8,12.0,6.0,3910.0,7.0,0.7900552486187845,12.0,0.4922797456857403,0.42578125,26.0,12.0,0.36734693877551017,0.3939393939393939,16.0,19.0,0.3939500527611678,0.3340353833192923,25.0,15.0,542.0,436.0,4.0,8.5,18.0,13.0,10.0,8.5,2240.0,1586.0,4.0,10.0,10.481481481481481,4.0,0.0,0.0,14.5,14.5,2.0,1.0,55.0,9.8,9.7,5.0,21.0,464.0,484.0,1.0,28.0,57.0,3.0,25.0,27.0,25.0,8.0,11.0,21.0,19.0,13.5,12.0,49.0,0.0,0.0,14.5,14.5,36.0,19.0,-13.0,23.5,25.0,9.434343434343434,1.0,Los Angeles Raiders,5686.0,4748.0,4.0,7.0,96.2,97.5,23.5,14.0,53.0,40.0,14.5,3.0,51.0,39.0,14.5,4.5,7.8,6.9,6.5,3.0,4.1,3.6,4.0,15.0,13.0,12.9,19.0,12.0,19.3,18.0,6.0,15.0,11.5,9.5,19.0,1.0,5.2,4.6,2.5,11.0,42.8,40.6,13.0,5.0,938.0,2.0,1.9024390243902445,1.9166666666666667,8.0,10.0
344.0,302.0,12.0,4.0,199.0,181.0,21.5,5.0,129.0,98.0,5.5,12.0,16.0,23.0,16.0,22.0,0.0,0.0,0.0,0.0,6.8,4.5,8.5,2.0,7606.0,10.0,7.6,5.9,13.5,2.0,51.0,339.0,64.2,61.2,26.5,1.0,322.0,27.0,4.0,36.0,3.0,10.75,9.0,83.3,63.0,5.0,5.5,0.0,11.0,10.0,5.0,4.0,0.0,11.0,10.0,3.0,1.0,19.0,18.0,11.0,17.0,8.666666666666666,2.5,8.13125,2.0,5.2,2.0,11.0625,10.0,27.0,1.0,1.0,6.0,0.7037037037037037,28.0,,,,,12.0,2.3,4.6,15.0,2.0,5.0,1.0,24.0,10.5,4.0,52.0,78.0,26.0,26.5,0.0,0.0,13.0,15.5,958.0,1675.0,26.0,25.0,6.8,5.6,6.5,4.0,4.333333333333333,2.0,0.0,0.0,432.0,293.0,4.0,139.0,2.5,4.0,528.0,526.0,22.0,9.5,0.5233208955223879,0.564922480620155,5.0,14.0,1.5426356589147288,12.0,27.0,5.1,4.4,14.0,9.0,23.0,18.5,10.0,0.6136363636363636,0.696969696969697,5.0,12.0,0.627188635612818,0.6269030641742147,11.0,12.0,3797.0,3253.0,15.0,5.0,89.0,695.0,793.0,11.0,4.0,91.0,7.5,5.5,0.04651162790697674,0.07615894039735101,12.0,27.0,1072.0,1032.0,13.0,10.0,66.0,1.0,0.0,14.5,21.0,38.0,7.0,2591.0,2990.0,7.0,28.0,74.0,7.0,27.0,1.0,0.0,9.5,6.5,365.0,278.0,5.0,17.0,36.0,24.0,94.9,78.0,19.0,2.0,4021.0,5.0,0.6482412060301508,17.0,0.4766791044776121,0.43507751937984496,24.0,15.0,0.3863636363636364,0.303030303030303,24.0,17.0,0.372811364387182,0.3730969358257853,18.0,17.0,511.0,449.0,6.0,14.5,17.0,10.0,3.5,11.5,2257.0,1936.0,9.0,8.0,15.098765432098766,16.0,0.0,0.0,14.5,14.5,0.0,0.0,33.0,5.9,9.8,4.0,5.0,224.0,448.0,3.0,3.0,57.0,3.0,4.5,30.0,27.0,13.5,7.5,25.0,17.0,8.0,6.0,31.0,0.0,0.0,14.5,14.5,42.0,11.0,11.0,6.0,4.0,9.602693602693602,2.0,San Francisco 49ers,6054.0,5189.0,10.0,4.0,100.0,91.4,4.0,2.5,51.0,35.0,5.0,5.0,51.0,32.0,3.5,4.5,7.6,7.0,9.5,7.0,4.4,4.3,21.0,6.0,11.9,11.5,3.0,21.5,18.4,21.5,26.0,23.0,10.1,7.3,7.5,8.0,5.6,5.0,13.0,3.0,39.3,40.4,10.0,26.0,865.0,4.0,1.7272727272727268,1.627906976744186,23.0,14.0
340.0,366.0,28.0,6.0,214.0,187.0,25.0,2.0,99.0,171.0,28.0,24.5,27.0,8.0,1.0,8.0,0.0,0.0,0.0,0.0,6.3,5.9,21.5,4.0,8235.0,1.0,7.4,6.9,21.0,5.0,52.0,311.0,59.1,57.9,19.0,7.0,300.0,20.5,9.0,20.0,14.5,26.083333333333332,28.0,80.8,65.5,7.0,9.0,2.0,6.0,9.0,9.0,0.0,2.0,6.0,7.0,6.0,0.0,18.0,12.0,27.0,13.0,20.625,25.0,13.24375,12.0,7.3,6.0,19.1875,21.0,37.0,2.0,2.0,18.0,0.4864864864864865,10.5,,,,,32.0,6.1,3.7,22.0,28.0,1.0,4.0,19.0,22.0,27.0,79.0,78.0,26.0,2.0,0.0,0.0,13.0,15.5,1339.0,1429.0,23.0,9.5,7.7,6.7,26.0,1.0,9.166666666666666,5.0,0.0,0.0,429.0,439.0,26.0,-10.0,14.0,5.0,526.0,518.0,19.0,11.0,0.564051638530288,0.4835640138408305,23.0,6.0,2.1616161616161618,4.0,33.0,6.3,3.9,8.0,2.5,20.0,10.5,1.0,0.6875,0.4166666666666667,28.0,4.0,0.7072261827608555,0.5875370919881305,21.0,3.0,4365.0,3762.0,24.0,2.0,80.0,648.0,965.0,25.0,3.0,110.0,23.0,3.0,0.07941176470588235,0.02185792349726776,28.0,10.0,1007.0,1156.0,28.0,25.0,70.0,1.0,0.0,14.5,21.0,43.0,14.0,2911.0,3050.0,10.0,22.0,78.0,12.0,24.5,1.0,1.0,22.5,6.5,329.0,384.0,17.0,18.0,41.0,19.0,84.1,80.4,21.0,7.0,4688.0,2.0,0.4626168224299066,25.0,0.4359483614697121,0.5164359861591695,6.0,23.0,0.3125,0.5833333333333333,1.0,25.0,0.2927738172391445,0.4124629080118695,8.0,26.0,439.0,597.0,27.0,23.0,15.0,28.0,28.0,18.0,1807.0,2641.0,26.0,21.0,12.851851851851853,9.0,0.0,0.0,14.5,14.5,1.0,1.0,42.0,7.4,7.3,19.0,12.0,323.0,271.0,19.0,12.0,41.0,17.0,11.0,26.0,29.0,18.5,14.0,21.0,19.0,13.5,12.0,50.0,0.0,0.0,14.5,14.5,31.0,24.5,-19.0,26.0,26.0,16.32323232323232,21.0,Green Bay Packers,6172.0,6403.0,28.0,2.0,100.0,92.6,6.0,2.5,52.0,54.0,26.0,4.0,52.0,50.0,26.0,3.0,8.9,7.8,25.5,1.0,4.1,4.4,24.0,15.0,15.1,13.4,22.5,1.0,16.9,18.3,7.0,27.0,8.0,8.9,16.0,16.0,6.1,5.5,25.5,1.0,41.6,39.1,3.0,9.5,-231.0,19.0,2.1707317073170733,1.7727272727272725,14.0,2.0
300.0,351.0,27.0,19.0,153.0,195.0,27.0,19.0,131.0,128.0,17.0,10.0,16.0,28.0,24.0,22.0,0.0,0.0,0.0,0.0,5.4,5.9,21.5,9.5,7494.0,11.0,6.7,7.0,22.5,8.0,50.0,251.0,55.9,59.7,23.5,18.5,311.0,24.0,24.0,24.0,10.0,21.5,23.0,72.0,76.9,22.5,16.0,1.0,4.0,7.0,10.0,3.0,1.0,4.0,4.0,8.0,1.0,20.0,28.0,1.0,21.0,14.25,14.0,12.79375,11.0,13.4,14.0,12.1875,13.0,36.0,2.0,0.0,15.5,0.5555555555555556,19.0,,,,,18.0,4.0,5.0,7.0,8.0,2.0,1.0,26.0,7.5,6.5,71.0,59.0,9.0,6.0,1.0,0.0,13.0,2.0,1575.0,952.0,5.0,2.0,6.0,6.8,28.0,14.0,15.0,15.0,0.0,0.0,403.0,397.0,24.0,6.0,13.0,6.0,449.0,521.0,21.0,22.0,0.4760076775431862,0.5246511627906977,13.0,21.0,1.16793893129771,19.0,25.0,5.6,6.3,27.0,6.5,33.0,28.0,12.0,0.5681818181818182,0.7021276595744681,4.0,17.0,0.5838570306362922,0.6354287609885553,8.0,20.0,2973.0,3831.0,26.0,21.0,102.0,890.0,725.0,6.0,19.0,91.0,7.5,18.0,0.05333333333333334,0.07977207977207977,9.0,21.0,1042.0,1075.0,18.0,17.0,79.0,0.0,0.0,14.5,8.0,36.0,6.0,3118.0,2754.0,3.0,20.0,68.0,4.0,17.0,1.0,0.0,9.5,6.5,366.0,185.0,2.0,16.0,34.0,25.0,81.3,85.6,22.0,10.0,3316.0,20.0,0.8562091503267973,10.0,0.5239923224568138,0.4753488372093023,16.0,8.0,0.43181818181818177,0.2978723404255319,25.0,12.0,0.41614296936370776,0.3645712390114447,21.0,9.0,546.0,511.0,16.0,7.0,19.0,14.0,14.0,6.0,2119.0,2198.0,19.0,14.0,8.919753086419753,2.0,0.0,0.0,14.5,14.5,0.0,3.0,47.0,9.5,7.6,17.5,19.0,343.0,351.0,11.0,16.5,43.0,13.5,17.5,25.0,26.0,10.5,17.5,18.0,20.0,17.0,15.0,38.0,0.0,0.0,14.5,14.5,54.0,2.0,16.0,3.0,12.5,15.705387205387206,18.0,Seattle Seahawks,5092.0,6029.0,27.0,19.0,98.0,89.6,1.0,6.0,50.0,48.0,23.0,6.0,49.0,43.0,22.5,6.0,7.4,8.0,28.0,10.5,3.9,4.3,21.0,19.5,13.2,13.4,22.5,10.0,22.2,16.1,1.5,2.0,10.8,5.1,1.0,5.0,4.9,5.6,27.0,17.0,39.5,40.5,11.5,25.0,-937.0,27.0,1.8974358974358976,1.8604651162790693,11.0,11.0
314.0,288.0,7.0,12.5,151.0,147.0,1.0,20.0,132.0,122.0,13.0,9.0,31.0,19.0,9.5,4.0,0.0,0.0,0.0,0.0,6.7,4.2,6.0,3.0,7060.0,21.0,7.5,5.4,5.5,3.5,48.0,254.0,57.5,57.7,17.5,13.0,277.0,9.5,21.5,20.0,14.5,9.583333333333334,5.5,66.7,60.0,2.0,19.5,2.0,6.0,8.0,6.0,5.0,2.0,6.0,5.0,3.0,2.0,16.0,17.0,14.5,10.5,8.916666666666666,4.0,12.21875,9.0,11.5,10.0,12.9375,15.0,30.0,0.0,1.0,8.5,0.5333333333333333,15.0,,,,,11.0,2.5,5.4,4.5,4.0,3.0,1.0,26.0,7.5,2.5,47.0,54.0,7.0,28.0,0.0,0.0,13.0,15.5,1085.0,1024.0,6.0,22.0,6.5,5.7,8.5,5.5,10.833333333333334,8.0,0.0,0.0,389.0,250.0,1.0,139.0,2.5,7.0,442.0,480.0,7.5,24.0,0.45014520813165537,0.5348837209302325,10.0,24.0,1.143939393939394,21.0,28.0,6.3,4.0,9.5,2.5,19.0,7.0,8.0,0.6363636363636364,0.6333333333333333,10.0,9.0,0.5861405197305101,0.5957531256201627,19.0,19.0,3045.0,3002.0,8.0,19.0,64.0,567.0,837.0,17.5,1.0,95.0,11.0,1.0,0.09872611464968152,0.06597222222222222,19.0,3.0,1033.0,989.0,3.0,19.5,75.0,1.0,0.0,14.5,21.0,32.0,2.0,3232.0,3672.0,25.0,17.0,90.0,25.0,20.0,1.0,0.0,9.5,6.5,581.0,229.0,3.0,2.0,55.0,5.0,91.2,70.0,8.0,4.0,3235.0,24.0,0.8741721854304636,8.0,0.5498547918683446,0.4651162790697675,19.0,5.0,0.3636363636363637,0.3666666666666667,19.0,20.0,0.4138594802694899,0.4042468743798373,10.0,10.0,568.0,460.0,7.0,6.0,16.0,11.0,6.0,15.0,2150.0,2037.0,13.0,13.0,9.11111111111111,3.0,0.0,0.0,14.5,14.5,1.0,0.0,23.0,4.9,9.3,8.5,3.0,190.0,363.0,9.0,1.5,49.0,9.0,1.5,27.0,15.0,1.5,11.0,18.0,9.0,1.0,15.0,27.0,0.0,0.0,14.5,14.5,43.0,10.0,16.0,3.0,2.0,9.909090909090908,5.0,Miami Dolphins,5195.0,5039.0,7.0,16.0,93.8,96.9,18.0,22.0,48.0,32.0,2.0,7.0,45.0,31.0,2.0,7.5,7.3,7.0,9.5,13.0,3.8,4.4,24.0,22.0,12.7,12.1,8.0,13.5,23.1,19.0,12.0,1.0,10.6,7.2,6.0,6.5,5.0,5.1,18.0,15.0,43.1,40.8,15.0,4.0,156.0,14.0,1.921052631578948,1.5909090909090908,24.0,8.0
314.0,319.0,17.0,12.5,208.0,158.0,11.0,3.0,83.0,136.0,20.0,27.0,23.0,25.0,21.5,11.5,0.0,0.0,0.0,0.0,5.9,4.1,4.0,6.0,7272.0,14.0,6.9,4.9,1.5,6.0,45.0,369.0,57.6,52.2,2.0,12.0,261.0,5.0,1.5,18.0,17.5,13.25,14.0,80.0,76.9,22.5,10.0,1.0,5.0,6.0,14.0,4.0,1.0,5.0,6.0,10.0,2.0,19.0,21.0,4.5,17.0,17.083333333333332,19.0,14.88125,18.0,4.95,1.0,24.8125,28.0,31.0,1.0,2.0,10.0,0.6129032258064516,23.0,,,,,19.0,3.0,6.0,2.5,5.0,2.0,2.0,30.0,2.0,9.0,54.0,75.0,24.0,24.5,0.0,0.0,13.0,15.5,929.0,1528.0,25.0,28.0,6.3,5.8,11.0,8.5,13.0,13.0,0.0,0.0,386.0,367.0,21.0,19.0,9.0,8.0,641.0,500.0,15.0,1.0,0.6396648044692738,0.4912764003673095,20.0,1.0,2.5060240963855422,1.0,29.0,4.5,4.2,12.0,14.5,21.0,13.5,6.0,0.6904761904761905,0.5384615384615384,20.0,3.0,0.7758713136729223,0.5776086149275901,22.0,1.0,4341.0,3111.0,10.0,3.0,113.0,911.0,837.0,17.5,20.0,105.0,20.0,21.5,0.0732484076433121,0.07836990595611286,10.0,11.0,1074.0,1089.0,21.0,9.0,93.0,0.0,0.0,14.5,8.0,54.0,24.0,3710.0,3502.0,21.0,4.0,85.0,21.5,3.0,0.0,1.0,22.5,20.5,291.0,559.0,24.0,22.0,40.0,20.0,83.2,62.6,1.0,8.0,4684.0,3.0,0.3990384615384616,28.0,0.36033519553072624,0.5087235996326905,9.0,28.0,0.30952380952380953,0.4615384615384616,9.0,26.0,0.22412868632707766,0.4223913850724099,7.0,28.0,387.0,554.0,22.0,28.0,13.0,18.0,20.0,21.5,1254.0,2275.0,20.0,28.0,20.32716049382716,28.0,0.0,0.0,14.5,14.5,0.0,0.0,46.0,6.7,6.5,22.0,8.0,343.0,250.0,24.5,16.5,35.0,22.0,16.0,30.0,26.0,10.5,7.5,24.0,20.0,17.0,8.0,38.0,0.0,0.0,14.5,14.5,51.0,3.0,13.0,5.0,12.5,15.089225589225588,15.0,Kansas City Chiefs,5595.0,5386.0,14.0,9.0,97.8,97.7,25.0,7.0,45.0,44.0,21.0,11.0,44.0,43.0,22.5,9.0,7.3,6.7,4.0,13.0,3.2,4.1,13.5,27.5,12.7,12.9,19.0,13.5,17.2,20.4,20.5,26.0,7.3,10.4,25.0,21.0,5.2,4.9,7.5,11.0,39.9,41.2,18.0,20.5,209.0,12.0,2.28125,1.6341463414634148,22.0,1.0
296.0,286.0,5.0,20.5,147.0,161.0,13.5,23.0,123.0,107.0,8.0,15.0,26.0,18.0,7.5,9.0,0.0,0.0,0.0,0.0,4.8,4.1,4.0,16.5,7628.0,9.0,6.4,5.5,7.5,13.0,47.0,267.0,58.0,55.9,11.0,11.0,290.0,17.0,17.0,20.0,14.5,9.833333333333334,7.0,53.6,80.0,26.0,25.0,1.0,6.0,8.0,10.0,3.0,0.0,4.0,3.0,6.0,2.0,27.0,20.0,7.0,27.5,9.458333333333334,8.0,14.00625,15.0,13.95,17.0,14.0625,16.0,50.0,3.0,3.0,28.0,0.54,17.0,,,,,21.0,4.6,5.4,4.5,14.5,0.0,5.0,28.0,3.5,10.0,72.0,66.0,15.5,4.0,0.0,1.0,27.0,15.5,1459.0,1300.0,19.0,4.0,5.5,5.5,4.5,20.5,16.666666666666668,18.0,0.0,0.0,374.0,428.0,25.0,-54.0,21.0,9.0,460.0,519.0,20.0,20.0,0.4971264367816092,0.5661116552399609,4.0,19.0,1.195121951219512,18.0,29.0,6.3,4.6,15.5,2.5,24.0,20.0,6.0,0.6590909090909091,0.5106382978723404,24.0,7.0,0.5574344023323615,0.6327672327672328,10.0,23.0,2868.0,3167.0,14.0,24.0,89.0,770.0,819.0,15.0,7.0,102.0,17.0,5.5,0.08783783783783784,0.06293706293706294,21.0,6.0,1044.0,1021.0,5.0,16.0,85.0,0.0,0.0,14.5,8.0,47.0,18.5,3529.0,3546.0,23.0,8.0,88.0,23.5,9.5,0.0,0.0,9.5,20.5,461.0,307.0,10.0,6.5,58.0,1.5,82.4,70.8,10.0,9.0,3309.0,21.0,0.8367346938775511,11.0,0.5028735632183908,0.4338883447600391,25.0,10.0,0.3409090909090909,0.4893617021276596,5.0,22.0,0.4425655976676385,0.3672327672327672,19.0,6.0,525.0,443.0,5.0,11.0,15.0,23.0,25.5,18.0,2277.0,1838.0,8.0,7.0,13.5679012345679,10.0,0.0,0.0,14.5,14.5,1.0,1.0,59.0,11.4,10.2,1.0,28.0,441.0,468.0,2.0,27.0,59.0,1.0,28.0,28.0,15.0,1.5,9.0,15.0,12.0,2.0,22.0,48.0,0.0,0.0,14.5,14.5,48.0,5.0,0.0,15.0,24.0,13.336700336700336,12.0,St. Louis Cardinals,5145.0,5005.0,6.0,17.0,95.7,96.4,15.5,15.5,47.0,56.0,27.5,8.0,45.0,54.0,27.5,7.5,7.2,7.0,9.5,15.0,4.3,4.1,13.5,9.0,12.4,12.5,16.0,17.0,20.3,19.7,16.5,9.5,7.9,6.5,5.0,18.5,4.9,4.9,7.5,17.0,41.5,40.3,9.0,11.5,140.0,15.0,1.6744186046511629,1.707317073170732,16.0,17.0
325.0,342.0,25.0,9.0,190.0,187.0,25.0,6.0,118.0,139.0,23.0,17.0,17.0,16.0,3.5,19.0,0.0,0.0,0.0,0.0,6.1,6.5,28.0,5.0,7896.0,6.0,7.5,7.3,27.5,3.5,46.0,321.0,63.3,63.5,28.0,3.0,313.0,25.0,7.0,24.0,10.0,25.333333333333332,27.0,77.3,65.4,6.0,13.0,0.0,5.0,5.0,11.0,1.0,0.0,4.0,4.0,9.0,0.0,19.0,15.0,22.5,17.0,20.166666666666668,23.0,9.85625,5.0,7.15,5.0,12.5625,14.0,36.0,2.0,1.0,15.5,0.5277777777777778,14.0,,,,,10.0,2.0,3.0,25.0,1.0,2.0,0.0,15.0,25.0,1.0,67.0,60.0,10.0,10.0,0.0,0.0,13.0,15.5,1258.0,1212.0,13.0,15.0,6.1,6.7,26.0,12.5,7.666666666666667,3.0,0.0,0.0,370.0,389.0,23.0,-19.0,18.0,10.0,507.0,493.0,12.5,12.0,0.5332068311195446,0.5122189638318669,15.0,12.0,1.6101694915254237,9.0,24.0,4.7,5.7,25.0,12.0,28.0,25.0,13.0,0.5853658536585366,0.5833333333333334,17.0,15.0,0.6048329779673063,0.6036731891520769,16.0,15.0,3404.0,3517.0,20.0,11.0,90.0,806.0,710.0,4.5,12.0,81.0,2.0,8.5,0.05230769230769231,0.04678362573099415,26.0,23.0,1054.0,1023.0,6.5,15.0,71.0,1.0,0.0,14.5,21.0,34.0,3.0,2863.0,2814.0,5.0,24.0,67.0,3.0,23.0,1.0,0.0,9.5,6.5,489.0,179.0,1.0,5.0,46.0,11.5,93.6,92.8,28.0,3.0,3793.0,9.0,0.6210526315789474,20.0,0.4667931688804554,0.487781036168133,14.0,17.0,0.41463414634146345,0.4166666666666666,12.0,14.0,0.3951670220326937,0.3963268108479231,13.0,14.0,492.0,499.0,11.0,18.0,17.0,20.0,22.5,11.5,2224.0,2309.0,22.0,11.0,14.061728395061728,11.0,0.0,0.0,14.5,14.5,0.0,0.0,55.0,9.8,5.9,26.0,21.0,389.0,217.0,28.0,24.0,31.0,27.0,25.0,22.0,26.0,10.5,25.5,17.0,17.0,8.0,17.5,29.0,0.0,0.0,14.5,14.5,30.0,26.0,1.0,14.0,3.0,15.835016835016836,19.0,Atlanta Falcons,5628.0,5826.0,25.0,8.0,95.6,89.8,3.0,17.5,45.0,49.0,24.0,11.0,43.0,44.0,24.0,10.5,7.5,7.6,23.0,8.5,4.5,4.6,27.0,3.5,11.8,11.9,6.0,23.0,18.8,20.2,19.0,20.0,10.6,5.3,2.0,6.5,5.3,5.7,28.0,8.5,40.3,42.0,24.5,18.0,-198.0,18.0,1.6666666666666667,1.6521739130434785,19.0,18.0
316.0,311.0,15.0,10.0,150.0,179.0,20.0,21.5,148.0,118.0,11.0,4.0,18.0,14.0,2.0,17.5,0.0,0.0,0.0,0.0,5.2,4.9,16.0,12.0,7163.0,18.0,5.8,5.7,9.5,16.0,47.0,286.0,58.5,57.4,13.5,9.0,319.0,26.0,14.0,22.0,12.0,12.333333333333334,11.5,55.0,60.7,3.0,24.0,0.0,8.0,5.0,8.0,1.0,0.0,4.0,4.0,3.0,0.0,24.0,20.0,7.0,25.0,14.833333333333334,16.0,11.54375,8.0,13.65,16.0,9.4375,7.0,38.0,0.0,2.0,20.0,0.631578947368421,24.0,,,,,23.0,4.7,4.3,18.0,16.0,3.0,0.0,24.0,10.5,16.0,52.0,71.0,22.5,26.5,0.0,0.0,13.0,15.5,946.0,1325.0,20.0,27.0,6.3,6.1,16.0,8.5,11.5,10.0,0.0,1.0,361.0,344.0,15.0,17.0,10.0,11.0,489.0,556.0,26.0,16.0,0.5004887585532747,0.5463821892393321,7.0,18.0,1.0135135135135136,24.0,23.0,4.7,3.2,3.0,12.0,18.0,4.5,14.0,0.5348837209302325,0.4615384615384616,25.0,19.0,0.5884179758860065,0.6696958456973294,3.0,18.0,3221.0,3611.0,22.0,12.0,96.0,748.0,804.0,13.0,5.5,89.0,6.0,13.0,0.0569620253164557,0.04501607717041802,27.0,19.0,1023.0,1078.0,19.5,23.5,83.0,1.0,0.0,14.5,21.0,39.0,8.5,3341.0,3461.0,18.0,13.0,83.0,18.5,11.5,1.0,0.0,9.5,6.5,538.0,251.0,4.0,3.0,55.0,5.0,76.0,71.7,11.0,13.0,3411.0,19.0,0.9866666666666668,5.0,0.4995112414467253,0.4536178107606679,22.0,11.0,0.4651162790697675,0.5384615384615384,4.0,10.0,0.4115820241139935,0.33030415430267057,26.0,11.0,511.0,489.0,10.0,14.5,20.0,21.0,24.0,4.0,2253.0,1781.0,6.0,9.0,15.518518518518519,19.0,0.0,0.0,14.5,14.5,2.0,1.0,23.0,4.5,5.6,27.0,2.0,190.0,258.0,22.0,1.5,33.0,23.0,1.5,20.0,28.0,16.0,28.0,11.0,17.0,8.0,25.5,47.0,0.0,0.0,14.5,14.5,44.0,9.0,-3.0,18.0,21.5,12.898989898989901,9.0,Los Angeles Rams,5474.0,5392.0,15.0,12.0,91.3,92.9,7.0,25.0,46.0,42.0,18.0,9.0,42.0,39.0,14.5,12.0,7.0,7.0,9.5,17.0,4.4,3.6,4.0,6.0,11.9,12.1,8.0,21.5,18.2,18.7,9.5,24.0,9.8,6.4,4.0,9.0,5.4,5.0,13.0,5.5,40.3,41.7,21.0,18.0,82.0,16.0,1.5909090909090908,1.9444444444444444,6.0,21.0
361.0,347.0,26.0,1.0,230.0,187.0,25.0,1.0,106.0,137.0,21.0,21.0,25.0,23.0,16.0,10.0,0.0,0.0,0.0,0.0,5.6,6.3,27.0,7.5,8032.0,5.0,6.2,7.2,25.5,14.5,45.0,369.0,58.1,60.7,25.0,10.0,330.0,28.0,1.5,12.0,22.0,22.75,24.0,62.5,75.9,20.0,21.0,0.0,7.0,7.0,7.0,3.0,0.0,7.0,5.0,2.0,1.0,22.0,17.0,14.5,23.5,23.416666666666668,27.0,14.81875,17.0,7.95,7.0,21.6875,24.0,42.0,0.0,1.0,24.5,0.5238095238095238,13.0,,,,,33.0,5.2,2.9,26.0,22.0,1.0,2.0,16.0,24.0,28.0,74.0,70.0,20.5,3.0,0.0,0.0,13.0,15.5,1377.0,1426.0,22.0,5.0,7.0,6.6,24.0,3.0,11.333333333333334,9.0,1.0,0.0,358.0,462.0,28.0,-104.0,26.0,12.0,635.0,544.0,24.0,2.0,0.6104972375690608,0.5102040816326531,16.0,2.0,2.1698113207547167,3.0,27.0,4.3,5.1,23.0,16.0,28.0,25.0,10.0,0.627906976744186,0.5185185185185185,22.0,11.0,0.7521381313538809,0.6350965575146935,9.0,2.0,4661.0,3782.0,25.0,1.0,115.0,961.0,953.0,24.0,21.0,111.0,24.0,23.5,0.06925207756232687,0.06628242074927954,17.0,14.0,1086.0,1127.0,27.0,5.0,63.0,0.0,0.0,14.5,8.0,35.0,4.5,2763.0,2779.0,4.0,27.0,70.0,5.0,28.0,0.0,0.0,9.5,20.5,213.0,299.0,8.0,26.0,33.0,26.0,75.1,88.6,26.0,15.0,4891.0,1.0,0.4608695652173913,26.0,0.3895027624309392,0.4897959183673469,13.0,27.0,0.37209302325581395,0.4814814814814815,7.0,18.0,0.24786186864611914,0.3649034424853065,20.0,27.0,423.0,552.0,21.0,25.0,16.0,26.0,27.0,15.0,1536.0,2173.0,18.0,25.0,16.432098765432098,22.0,0.0,0.0,14.5,14.5,0.0,0.0,28.0,4.2,5.4,28.0,1.0,230.0,269.0,21.0,4.0,31.0,27.0,3.0,24.0,29.0,18.5,21.5,15.0,22.0,21.0,22.0,55.0,0.0,0.0,14.5,14.5,33.0,22.0,-22.0,27.5,27.0,16.875420875420875,23.0,San Diego Chargers,6197.0,5955.0,26.0,1.0,95.6,96.4,15.5,17.5,45.0,56.0,27.5,11.0,43.0,54.0,27.5,10.5,7.7,7.4,21.0,5.0,3.6,3.9,10.5,24.0,13.3,12.3,12.0,9.0,18.6,20.4,20.5,22.0,6.5,8.5,15.0,26.0,5.7,5.3,20.5,2.0,43.9,39.7,7.0,3.0,242.0,11.0,2.1388888888888893,1.8974358974358976,9.0,3.0
327.0,309.0,13.0,7.5,186.0,155.0,9.0,7.0,113.0,138.0,22.0,18.0,28.0,16.0,3.5,6.0,0.0,0.0,0.0,0.0,4.9,5.0,17.0,15.0,7474.0,12.0,5.7,5.9,13.5,17.0,42.0,324.0,57.1,59.7,23.5,15.0,280.0,11.0,6.0,12.0,22.0,14.25,17.0,88.0,72.7,14.0,1.0,1.0,9.0,6.0,7.0,2.0,1.0,9.0,5.0,6.0,1.0,10.0,10.0,28.0,2.5,18.166666666666668,21.0,13.93125,14.0,10.55,9.0,17.3125,20.0,21.0,0.0,1.0,2.0,0.4761904761904762,8.5,,,,,28.0,4.9,4.7,12.0,19.0,2.0,3.0,22.0,17.0,23.0,63.0,61.0,12.0,14.5,0.0,1.0,27.0,15.5,1290.0,1155.0,12.0,14.0,6.1,6.1,16.0,12.5,11.75,11.5,0.0,0.0,356.0,342.0,14.0,14.0,11.0,13.0,567.0,469.0,5.0,5.0,0.5633802816901409,0.4868804664723032,21.0,7.0,1.646017699115044,8.0,27.0,4.8,4.7,17.5,10.0,22.0,16.0,10.0,0.675,0.5945945945945946,14.0,5.0,0.6557406412323123,0.5984052897705173,17.0,7.0,3661.0,3077.0,9.0,6.0,115.0,991.0,940.0,22.0,24.0,105.0,20.0,23.5,0.0856269113149847,0.051779935275080916,25.0,7.0,1065.0,1029.0,11.0,12.0,70.0,0.0,0.0,14.5,8.0,30.0,1.0,2854.0,2956.0,6.0,25.0,73.0,6.0,24.5,0.0,0.0,9.5,20.5,310.0,309.0,11.0,19.0,42.0,17.5,73.9,77.4,18.0,16.0,3932.0,6.0,0.6075268817204301,21.0,0.4366197183098591,0.5131195335276968,8.0,22.0,0.325,0.4054054054054054,15.0,24.0,0.34425935876768765,0.4015947102294827,12.0,22.0,465.0,528.0,18.0,22.0,13.0,15.0,17.0,21.5,1922.0,2065.0,14.0,19.0,12.839506172839506,8.0,0.0,0.0,14.5,14.5,0.0,1.0,33.0,5.5,6.4,23.5,4.0,271.0,239.0,27.0,6.0,32.0,24.5,4.5,25.0,22.0,4.5,17.5,22.0,16.0,5.0,9.5,38.0,0.0,0.0,14.5,14.5,32.0,23.0,-6.0,19.0,12.5,12.956228956228957,11.0,Cleveland Browns,5583.0,5142.0,9.0,10.0,95.0,95.2,13.0,20.0,40.0,42.0,18.0,14.0,38.0,40.0,18.0,15.0,6.9,7.1,13.0,18.5,4.1,3.9,10.5,15.0,12.1,11.8,5.0,18.0,20.5,18.9,11.0,7.0,7.4,10.3,24.0,20.0,5.2,5.0,13.0,11.0,40.8,40.5,11.5,15.0,441.0,7.0,1.6829268292682928,1.8205128205128205,12.0,16.0
312.0,278.0,2.0,15.0,141.0,151.0,6.5,24.0,156.0,100.0,7.0,2.0,15.0,27.0,23.0,26.0,0.0,0.0,0.0,0.0,3.6,4.1,4.0,26.5,7034.0,22.0,4.9,5.3,4.0,24.5,39.0,211.0,51.6,53.2,5.0,25.0,238.0,1.0,27.0,44.0,1.0,5.833333333333333,2.0,87.1,75.0,17.0,2.0,2.0,9.0,10.0,10.0,0.0,2.0,8.0,9.0,8.0,0.0,20.0,17.0,14.5,21.0,7.25,1.0,14.7625,16.0,21.4,26.0,8.125,3.5,42.0,3.0,0.0,24.5,0.4761904761904762,8.5,,,,,23.0,5.6,6.3,1.0,24.0,4.0,2.0,28.0,3.5,16.0,59.0,65.0,14.0,20.0,0.0,1.0,27.0,15.5,1068.0,1507.0,24.0,24.0,5.2,5.8,11.0,27.0,17.666666666666668,20.0,0.0,0.0,355.0,303.0,7.0,52.0,7.0,14.0,409.0,447.0,3.0,27.0,0.4288372093023256,0.4940357852882704,19.0,27.0,0.9038461538461541,26.0,15.0,3.7,4.3,13.0,20.0,19.0,7.0,23.5,0.46875,0.5757575757575758,18.0,24.5,0.4794575189469486,0.6126373626373627,14.0,27.0,2404.0,2899.0,5.0,27.0,99.0,836.0,782.0,9.0,15.0,96.0,13.0,15.0,0.04807692307692308,0.0971223021582734,4.0,25.0,1075.0,1006.0,4.0,8.0,80.0,0.0,0.0,14.5,8.0,44.0,15.5,3352.0,3617.0,24.0,12.0,88.0,23.5,15.5,0.0,1.0,22.5,20.5,421.0,418.0,21.0,9.0,51.0,7.5,61.9,64.9,2.0,25.0,2754.0,27.0,1.1063829787234043,3.0,0.5711627906976744,0.5059642147117296,10.0,2.0,0.53125,0.4242424242424242,11.0,4.5,0.5205424810530515,0.3873626373626373,15.0,2.0,614.0,509.0,14.5,2.0,17.0,14.0,14.0,11.5,2610.0,1833.0,7.0,4.0,16.0,20.0,0.0,0.0,14.5,14.5,1.0,0.0,52.0,11.3,10.1,2.5,27.0,350.0,361.0,10.0,18.0,50.0,8.0,22.0,31.0,20.0,3.0,6.0,27.0,15.0,4.0,4.0,43.0,0.0,0.0,14.5,14.5,45.0,8.0,2.0,12.5,19.0,12.909090909090908,10.0,Pittsburgh Steelers,5014.0,4732.0,3.0,22.0,97.4,97.3,21.0,8.5,39.0,37.0,9.0,15.0,38.0,36.0,10.0,15.0,6.7,7.3,18.0,22.0,4.3,3.6,4.0,9.0,13.1,13.7,25.0,11.0,18.1,23.2,27.5,25.0,8.3,9.5,19.0,14.0,4.7,4.7,4.0,24.0,41.9,41.1,16.5,7.5,282.0,9.0,1.5581395348837208,2.0277777777777777,4.0,24.0
315.0,324.0,21.0,11.0,156.0,161.0,13.5,16.0,136.0,133.0,19.0,7.0,23.0,30.0,26.0,11.5,0.0,0.0,0.0,0.0,4.2,4.6,11.0,21.0,7208.0,16.0,5.3,5.5,7.5,19.0,38.0,263.0,52.3,57.7,17.5,23.0,297.0,18.0,18.0,6.0,25.5,12.333333333333334,11.5,78.1,69.2,11.0,11.0,0.0,6.0,15.0,7.0,4.0,0.0,6.0,13.0,3.0,3.0,16.0,15.0,22.5,10.5,13.083333333333334,12.0,13.48125,13.0,16.9,22.0,10.0625,8.0,41.0,0.0,1.0,23.0,0.3902439024390244,4.0,,,,,23.0,4.6,4.3,18.0,14.5,0.0,0.0,22.0,17.0,16.0,61.0,71.0,22.5,18.5,0.0,0.0,13.0,15.5,1191.0,1146.0,11.0,17.0,5.4,5.6,6.5,24.5,15.5,17.0,0.0,0.0,347.0,286.0,2.0,61.0,6.0,15.0,503.0,515.0,18.0,14.0,0.5164938737040528,0.5259189443920829,12.0,15.0,1.1470588235294117,20.0,19.0,3.8,4.1,11.0,18.5,21.0,13.5,18.0,0.5135135135135135,0.65625,8.0,21.0,0.5753504672897196,0.5966257668711656,18.0,21.0,2955.0,3112.0,11.0,22.0,118.0,988.0,1062.0,26.0,23.0,117.0,26.0,25.0,0.07301587301587302,0.0925925925925926,5.0,12.0,1061.0,1061.0,17.0,13.0,72.0,1.0,0.0,14.5,21.0,39.0,8.5,2952.0,3168.0,11.0,21.0,79.0,14.5,21.5,1.0,0.0,9.5,6.5,522.0,302.0,9.0,4.0,46.0,11.5,66.5,73.5,13.0,22.0,3297.0,22.0,0.8717948717948718,9.0,0.4835061262959473,0.4740810556079171,17.0,14.0,0.4864864864864865,0.34375,21.0,8.0,0.4246495327102804,0.4033742331288344,11.0,8.0,513.0,503.0,13.0,13.0,18.0,11.0,6.0,8.5,2181.0,2104.0,16.0,12.0,8.765432098765432,1.0,0.0,0.0,14.5,14.5,3.0,1.0,45.0,8.2,7.7,15.5,16.0,342.0,289.0,18.0,15.0,43.0,13.5,14.5,32.0,26.0,10.5,5.0,25.0,18.0,11.5,6.0,39.0,0.0,0.0,14.5,14.5,37.0,16.0,-2.0,16.5,15.5,12.511784511784514,7.0,Detroit Lions,5136.0,5216.0,11.0,18.0,100.0,97.0,19.0,2.5,38.0,33.0,3.0,17.0,38.0,32.0,3.5,15.0,6.6,6.6,3.0,24.5,4.3,4.2,17.5,9.0,12.5,11.5,3.0,16.0,19.5,16.1,1.5,13.0,11.3,7.7,12.0,2.0,4.8,4.9,7.5,19.5,41.0,40.1,8.0,13.0,-80.0,17.0,1.5348837209302326,1.5714285714285712,25.0,26.0
327.0,276.0,1.0,7.5,179.0,156.0,10.0,9.0,127.0,96.0,4.0,13.0,21.0,24.0,19.0,14.0,0.0,0.0,0.0,0.0,5.4,3.9,2.0,9.5,7180.0,17.0,6.5,4.9,1.5,11.0,43.0,290.0,63.9,57.4,13.5,2.0,288.0,16.0,13.0,30.0,5.0,4.166666666666667,1.0,69.6,77.3,24.0,18.0,2.0,7.0,7.0,5.0,2.0,2.0,7.0,5.0,2.0,0.0,15.0,16.0,18.5,9.0,9.833333333333334,9.0,11.4,7.0,12.05,11.0,10.75,9.0,35.0,1.0,1.0,14.0,0.42857142857142855,6.0,,,,,18.0,4.0,4.6,15.0,8.0,4.0,2.0,23.0,13.5,6.5,54.0,68.0,18.5,24.5,0.0,0.0,13.0,15.5,1097.0,1298.0,18.0,21.0,6.4,5.2,2.0,7.0,11.75,11.5,0.0,0.0,346.0,302.0,6.0,44.0,8.0,16.0,454.0,502.0,16.0,21.0,0.4768339768339768,0.5580678314491264,6.0,20.0,1.4094488188976375,14.0,14.0,3.1,3.4,5.0,26.0,17.0,3.0,25.5,0.3684210526315789,0.5151515151515151,23.0,28.0,0.6020427463589938,0.6535706031892766,6.0,16.0,3183.0,2828.0,3.0,14.0,99.0,837.0,871.0,19.0,16.0,100.0,15.5,15.0,0.06422018348623854,0.08695652173913042,6.0,16.0,1036.0,973.0,2.0,18.0,69.0,2.0,0.0,14.5,27.5,41.0,11.5,2888.0,3215.0,12.5,23.0,76.0,8.0,26.0,0.0,0.0,9.5,20.5,410.0,310.0,12.0,12.0,49.0,9.5,81.1,68.3,5.0,11.0,3492.0,14.0,0.7094972067039106,15.0,0.5231660231660231,0.4419321685508736,23.0,9.0,0.631578947368421,0.4848484848484849,6.0,1.0,0.3979572536410062,0.3464293968107234,23.0,13.0,542.0,430.0,3.0,8.5,24.0,16.0,18.5,2.0,2104.0,1499.0,2.5,16.0,14.4320987654321,13.0,0.0,0.0,14.5,14.5,0.0,0.0,40.0,8.1,7.6,17.5,15.0,309.0,335.0,12.0,9.0,41.0,17.0,10.0,23.0,22.0,4.5,24.0,16.0,17.0,8.0,19.5,33.0,0.0,0.0,14.5,14.5,39.0,13.5,6.0,8.5,6.5,9.723905723905723,3.0,Cincinnati Bengals,5287.0,4327.0,1.0,14.0,95.2,97.2,20.0,19.0,42.0,36.0,7.0,13.0,40.0,35.0,8.5,13.0,7.7,6.3,1.5,5.0,3.9,3.5,1.5,19.5,12.0,11.0,1.0,19.5,20.3,19.1,13.0,9.5,8.4,7.6,11.0,13.0,5.1,4.4,1.0,13.5,41.9,42.3,26.0,7.5,960.0,1.0,1.9743589743589745,1.8,13.0,6.0
286.0,289.0,8.5,24.0,136.0,159.0,12.0,26.5,135.0,108.0,9.0,8.0,15.0,22.0,14.0,26.0,0.0,0.0,0.0,0.0,3.5,3.7,1.0,28.0,6861.0,25.0,4.6,5.0,3.0,28.0,38.0,243.0,57.2,54.6,8.0,14.0,271.0,8.0,25.0,30.0,5.0,9.083333333333334,4.0,75.0,58.8,1.0,15.0,2.0,8.0,4.0,6.0,4.0,2.0,8.0,3.0,2.0,3.0,22.0,16.0,18.5,23.5,8.958333333333334,5.0,16.00625,22.0,22.7,28.0,9.3125,6.0,37.0,2.0,0.0,18.0,0.5945945945945946,22.0,,,,,25.0,5.9,4.6,15.0,26.0,3.0,5.0,23.0,13.5,20.5,66.0,44.0,1.0,11.5,0.0,0.0,13.0,15.5,1339.0,938.0,3.0,9.5,5.4,4.9,1.0,24.5,20.833333333333332,23.0,0.0,1.0,319.0,337.0,12.0,-18.0,16.5,17.0,425.0,496.0,14.0,25.0,0.4360189573459716,0.5390625,8.0,26.0,1.0074074074074073,25.0,14.0,3.3,4.0,9.5,23.5,20.0,10.5,25.5,0.42424242424242425,0.6451612903225806,9.0,27.0,0.5016200891049007,0.5736516734171818,23.0,26.0,2477.0,2691.0,1.0,26.0,91.0,802.0,814.0,14.0,10.0,96.0,13.0,11.0,0.05244755244755245,0.07612456747404844,13.0,22.0,1055.0,1024.0,8.5,14.0,78.0,0.0,0.0,14.5,8.0,51.0,22.0,3178.0,3469.0,19.0,18.0,83.0,18.5,18.5,0.0,2.0,27.5,20.5,275.0,573.0,25.0,23.0,39.0,21.0,63.5,68.0,4.0,24.0,2782.0,26.0,0.9926470588235294,4.0,0.5639810426540284,0.4609375,21.0,3.0,0.5757575757575757,0.3548387096774194,20.0,2.0,0.4983799108950993,0.4263483265828182,6.0,3.0,595.0,472.0,8.0,4.0,19.0,11.0,6.0,6.0,2461.0,2000.0,11.5,6.0,18.790123456790123,27.0,0.0,0.0,14.5,14.5,0.0,3.0,35.0,7.6,10.1,2.5,13.0,305.0,437.0,4.5,8.0,56.0,5.0,6.5,24.0,34.0,24.5,21.5,18.0,20.0,17.0,15.0,47.0,0.0,0.0,14.5,14.5,39.0,13.5,-8.0,20.0,21.5,16.003367003367,20.0,New Orleans Saints,4938.0,4691.0,2.0,23.0,97.4,94.9,11.0,8.5,38.0,39.0,11.5,17.0,37.0,37.0,11.0,17.5,6.5,6.3,1.5,26.0,4.1,4.2,17.5,15.0,11.4,11.5,3.0,25.0,20.3,21.3,24.5,9.5,7.1,11.2,27.0,22.5,4.7,4.6,2.5,24.0,40.7,41.8,22.5,16.0,247.0,10.0,1.5853658536585369,1.5,28.0,22.0
303.0,318.0,16.0,18.0,169.0,150.0,4.5,13.0,112.0,147.0,25.0,19.0,22.0,21.0,12.0,13.0,0.0,0.0,0.0,0.0,4.2,4.3,7.0,21.0,7110.0,20.0,5.1,5.4,5.5,22.5,34.0,310.0,55.9,55.0,9.0,18.5,263.0,6.0,10.0,16.0,19.0,14.583333333333334,18.0,75.8,66.7,8.5,14.0,0.0,10.0,14.0,9.0,0.0,0.0,9.0,12.0,4.0,0.0,10.0,23.0,3.0,2.5,14.333333333333334,15.0,15.14375,19.0,14.35,18.0,15.9375,17.0,33.0,1.0,1.0,12.0,0.30303030303030304,1.0,,,,,22.0,4.0,5.2,6.0,8.0,0.0,2.0,25.0,9.0,12.5,68.0,70.0,20.5,8.5,0.0,0.0,13.0,15.5,1466.0,1392.0,21.0,3.0,5.4,5.5,4.5,24.5,17.916666666666668,21.0,1.0,0.0,316.0,348.0,17.0,-32.0,20.0,18.0,555.0,478.0,6.0,7.0,0.5599250936329588,0.4755434782608696,25.0,8.0,1.5089285714285714,13.0,15.0,2.7,4.8,20.0,27.0,23.0,18.5,23.5,0.46875,0.5897435897435898,15.0,24.5,0.6397688782626021,0.5290687078549299,26.0,10.0,3211.0,2903.0,6.0,13.0,90.0,748.0,759.0,8.0,5.5,92.0,9.0,8.5,0.07260726072607261,0.0660377358490566,18.0,13.0,1068.0,1104.0,26.0,11.0,91.0,0.0,0.0,14.5,8.0,40.0,10.0,3780.0,3026.0,9.0,3.0,77.0,9.5,4.5,0.0,0.0,9.5,20.5,210.0,297.0,7.0,27.0,24.0,27.0,67.5,70.3,9.0,21.0,3514.0,13.0,0.6627218934911243,16.0,0.4400749063670412,0.5244565217391304,4.0,21.0,0.53125,0.41025641025641024,14.0,4.5,0.3602311217373979,0.4709312921450701,3.0,19.0,470.0,579.0,26.0,21.0,17.0,16.0,18.5,11.5,1808.0,2584.0,25.0,20.0,10.635802469135802,5.0,0.0,0.0,14.5,14.5,2.0,1.0,43.0,7.2,9.0,10.0,11.0,303.0,326.0,13.0,7.0,47.0,11.0,12.5,33.0,27.0,13.5,4.0,25.0,18.0,11.5,6.0,32.0,0.0,0.0,14.5,14.5,48.0,5.0,16.0,3.0,5.0,14.718855218855218,14.0,Minnesota Vikings,5019.0,5487.0,19.0,20.0,97.1,95.2,13.0,11.0,34.0,42.0,18.0,23.0,33.0,40.0,18.0,22.0,6.3,6.8,5.0,27.0,3.8,4.5,26.0,22.0,11.3,12.3,12.0,26.5,21.6,19.9,18.0,3.0,8.8,7.4,9.0,12.0,4.7,5.0,13.0,24.0,41.5,39.3,5.0,11.5,-468.0,21.0,1.6578947368421053,1.5111111111111108,27.0,19.0
313.0,298.0,11.0,14.0,171.0,151.0,6.5,11.5,126.0,126.0,16.0,14.0,16.0,21.0,12.0,22.0,0.0,0.0,0.0,0.0,4.3,4.6,11.0,18.5,7632.0,8.0,5.2,5.9,13.5,20.5,38.0,330.0,59.0,58.1,20.0,8.0,269.0,7.0,5.0,30.0,5.0,13.75,15.0,66.7,71.4,12.5,19.5,4.0,4.0,7.0,8.0,1.0,4.0,3.0,5.0,4.0,0.0,19.0,14.0,25.0,17.0,10.875,10.0,15.275,21.0,13.55,15.0,17.0,19.0,29.0,1.0,0.0,7.0,0.6551724137931034,25.0,,,,,28.0,5.0,4.8,9.5,21.0,3.0,3.0,22.0,17.0,23.0,66.0,50.0,4.5,11.5,0.0,0.0,13.0,15.5,1375.0,1063.0,8.0,6.0,5.7,5.7,8.5,16.5,14.666666666666666,14.0,1.0,0.0,313.0,331.0,10.0,-18.0,16.5,19.0,559.0,463.0,4.0,6.0,0.5594795539033457,0.4829867674858223,24.0,9.0,1.3571428571428572,15.0,21.0,3.8,4.8,20.0,18.5,22.0,16.0,16.5,0.65625,0.6285714285714286,11.0,8.0,0.6235208447114511,0.5514053952084512,25.0,13.0,3425.0,2923.0,7.0,10.0,110.0,1059.0,784.0,10.0,27.0,96.0,13.0,20.0,0.051118210862619806,0.07046979865771813,15.0,24.0,1076.0,1058.0,16.0,7.0,82.0,1.0,0.0,14.5,21.0,47.0,18.5,3258.0,3493.0,20.0,16.0,85.0,21.5,13.0,1.0,1.0,22.5,6.5,420.0,367.0,16.0,10.5,38.0,22.5,70.8,76.2,17.0,18.0,3742.0,11.0,0.7368421052631579,14.0,0.4405204460966543,0.5170132325141776,5.0,20.0,0.34375,0.3714285714285713,18.0,21.0,0.376479155288549,0.4485946047915488,4.0,16.0,474.0,547.0,19.0,19.0,11.0,13.0,10.0,23.0,2068.0,2378.0,23.0,17.0,14.598765432098766,15.0,0.0,0.0,14.5,14.5,0.0,1.0,43.0,7.1,9.4,6.5,10.0,317.0,378.0,8.0,11.0,48.0,10.0,12.5,24.0,28.0,16.0,21.5,16.0,20.0,17.0,19.5,47.0,0.0,0.0,14.5,14.5,36.0,19.0,-11.0,22.0,21.5,14.314814814814815,13.0,New York Jets,5493.0,5301.0,13.0,11.0,100.0,89.7,2.0,2.5,37.0,39.0,11.5,19.0,37.0,35.0,8.5,17.5,6.7,7.1,13.0,22.0,4.4,4.3,21.0,6.0,11.3,12.3,12.0,26.5,20.8,21.3,24.5,5.0,11.1,7.8,13.0,3.5,5.1,5.0,13.0,13.5,39.7,41.1,16.5,23.0,192.0,13.0,1.5227272727272727,1.6511627906976745,20.0,27.0
308.0,286.0,5.0,17.0,136.0,154.0,8.0,26.5,154.0,113.0,10.0,3.0,18.0,19.0,9.5,17.5,0.0,0.0,0.0,0.0,5.1,4.6,11.0,13.5,7633.0,7.0,6.5,5.9,13.5,11.0,39.0,255.0,57.0,50.8,1.0,16.0,249.0,3.0,20.0,18.0,17.5,9.583333333333334,5.5,56.0,73.9,16.0,23.0,1.0,9.0,4.0,6.0,5.0,1.0,9.0,0.0,3.0,1.0,14.0,17.0,14.5,7.5,11.5,11.0,11.21875,6.0,15.0,19.0,7.4375,2.0,25.0,1.0,0.0,4.0,0.56,21.0,,,,,22.0,4.9,4.3,18.0,19.0,2.0,1.0,21.0,19.0,12.5,58.0,66.0,15.5,21.0,0.0,0.0,13.0,15.5,953.0,1229.0,15.0,26.0,6.2,5.8,11.0,10.5,10.666666666666666,7.0,0.0,0.0,311.0,301.0,5.0,10.0,12.0,20.0,447.0,490.0,10.5,23.0,0.4616805170821791,0.5288367546432062,11.0,22.0,0.8831168831168831,27.0,21.0,4.7,3.1,1.5,12.0,15.0,1.5,16.5,0.6,0.42857142857142855,27.0,13.0,0.5322469982847341,0.6102883865939205,15.0,24.0,3103.0,3132.0,12.0,17.0,107.0,869.0,687.0,3.0,18.0,86.0,5.0,19.0,0.05844155844155844,0.06643356643356642,16.0,18.0,1083.0,1023.0,6.5,6.0,94.0,2.0,0.0,14.5,27.5,44.0,15.5,3473.0,3821.0,26.0,10.0,99.0,26.5,2.0,1.0,0.0,9.5,6.5,447.0,322.0,13.0,8.0,56.0,3.0,77.0,66.7,3.0,12.0,3461.0,17.0,1.1323529411764706,2.0,0.5383194829178208,0.4711632453567938,18.0,7.0,0.4,0.5714285714285714,2.0,16.0,0.4677530017152659,0.3897116134060795,14.0,5.0,583.0,482.0,9.0,5.0,14.0,20.0,22.5,20.0,2727.0,2000.0,11.5,1.0,16.209876543209877,21.0,0.0,0.0,14.5,14.5,0.0,0.0,53.0,10.6,9.4,6.5,25.0,358.0,384.0,7.0,20.0,51.0,6.5,23.0,25.0,23.0,6.5,17.5,14.0,17.0,8.0,24.0,36.0,0.0,0.0,14.5,14.5,38.0,15.0,2.0,12.5,8.5,11.784511784511784,6.0,Chicago Bears,5830.0,5132.0,8.0,6.0,92.1,94.4,9.5,23.0,38.0,36.0,7.0,17.0,35.0,34.0,6.0,19.0,7.7,7.2,15.5,5.0,4.7,4.1,13.5,2.0,13.6,14.1,26.0,6.0,16.4,18.6,8.0,28.0,8.0,7.3,7.5,16.0,5.4,5.0,13.0,5.5,36.9,38.6,2.0,28.0,698.0,5.0,1.6382978723404256,1.75609756097561,15.0,20.0
292.0,321.0,19.5,23.0,155.0,185.0,23.0,17.5,99.0,119.0,12.0,24.5,38.0,17.0,5.5,1.5,0.0,0.0,0.0,0.0,4.3,4.8,14.0,18.5,6825.0,26.0,5.6,5.7,9.5,18.0,34.0,254.0,50.9,55.6,10.0,26.0,307.0,23.0,21.5,8.0,24.0,14.0,16.0,84.0,75.8,19.0,4.0,0.0,8.0,9.0,7.0,1.0,0.0,7.0,7.0,6.0,1.0,19.0,20.0,7.0,17.0,16.291666666666668,18.0,18.36875,25.0,16.05,21.0,20.6875,22.0,34.0,1.0,1.0,13.0,0.5588235294117647,20.0,,,,,22.0,4.4,4.9,8.0,10.5,0.0,3.0,27.0,5.5,12.5,56.0,46.0,3.0,23.0,0.0,0.0,13.0,15.5,1077.0,824.0,2.0,23.0,5.5,6.2,18.5,20.5,21.75,25.0,0.0,0.0,302.0,327.0,9.0,-25.0,19.0,21.0,499.0,552.0,25.0,15.0,0.5404878048780488,0.5368516833484986,9.0,11.0,1.5656565656565655,11.0,17.0,3.4,3.3,4.0,21.5,18.0,4.5,20.0,0.53125,0.5625,19.0,20.0,0.6291831220120557,0.6544838652166162,5.0,11.0,3027.0,3671.0,23.0,20.0,100.0,804.0,1097.0,27.0,11.0,138.0,28.0,17.0,0.13013698630136986,0.0529595015576324,24.0,1.0,1025.0,1099.0,23.5,21.5,87.0,0.0,0.0,14.5,8.0,55.0,25.5,3620.0,3403.0,17.0,5.0,77.0,9.5,7.0,1.0,0.0,9.5,6.5,420.0,524.0,23.0,10.5,38.0,22.5,66.4,69.0,6.0,23.0,3466.0,16.0,0.6387096774193548,18.0,0.4595121951219512,0.4631483166515014,20.0,18.0,0.46875,0.4375,10.0,9.0,0.37081687798794427,0.34551613478338383,24.0,18.0,471.0,509.0,14.5,20.0,15.0,14.0,14.0,18.0,1784.0,1938.0,10.0,23.0,12.469135802469136,7.0,0.0,0.0,14.5,14.5,1.0,1.0,55.0,9.9,6.4,23.5,23.0,439.0,317.0,15.0,26.0,38.0,20.0,25.0,25.0,33.0,23.0,17.5,21.0,25.0,24.0,12.0,41.0,0.0,0.0,14.5,14.5,47.0,7.0,6.0,8.5,18.0,16.400673400673398,22.0,Denver Broncos,4811.0,5609.0,21.0,26.0,97.1,94.4,9.5,11.0,34.0,36.0,7.0,23.0,33.0,34.0,6.0,22.0,6.9,7.2,15.5,18.5,3.8,3.8,9.0,22.0,13.6,13.0,21.0,6.0,19.2,17.9,4.0,17.0,11.1,9.5,19.0,3.5,4.7,5.1,18.0,24.0,41.6,44.2,28.0,9.5,-798.0,24.0,1.8157894736842104,1.8947368421052635,10.0,13.0
295.0,332.0,23.5,22.0,155.0,150.0,4.5,17.5,120.0,161.0,27.0,16.0,20.0,21.0,12.0,15.5,0.0,0.0,0.0,0.0,3.6,6.0,23.0,26.5,7123.0,19.0,4.8,7.0,22.5,26.0,34.0,260.0,53.9,59.4,21.0,21.0,252.0,4.0,19.0,0.0,28.0,24.583333333333332,26.0,81.0,80.6,27.0,8.0,1.0,4.0,8.0,6.0,2.0,1.0,4.0,7.0,4.0,1.0,18.0,15.0,22.5,13.0,24.25,28.0,18.0,24.0,19.75,25.0,16.25,18.0,26.0,0.0,3.0,5.0,0.6923076923076923,26.5,,,,,29.0,6.0,3.3,23.5,27.0,0.0,2.0,14.0,26.0,25.0,83.0,61.0,12.0,1.0,2.0,0.0,13.0,1.0,1676.0,1280.0,16.0,1.0,5.5,6.3,20.0,20.5,21.333333333333332,24.0,0.0,0.0,288.0,460.0,27.0,-172.0,28.0,22.0,482.0,424.0,1.0,18.0,0.5140367860600193,0.4413191076624636,27.0,16.0,1.2916666666666667,16.0,16.0,3.3,6.1,26.0,23.5,26.0,21.5,21.5,0.5,0.5306122448979592,21.0,22.0,0.5922448979591837,0.5051491477272727,28.0,17.0,2902.0,2845.0,4.0,23.0,84.0,784.0,825.0,16.0,9.0,104.0,18.0,4.0,0.06779661016949153,0.06325301204819278,20.0,15.0,1033.0,1031.0,12.0,19.5,80.0,1.0,0.0,14.5,21.0,47.0,18.5,3176.0,2568.0,1.0,19.0,65.0,1.0,15.5,0.0,0.0,9.5,20.5,159.0,354.0,15.0,28.0,20.0,28.0,61.4,88.7,27.0,26.0,3286.0,23.0,0.7741935483870968,13.0,0.4859632139399807,0.5586808923375364,2.0,13.0,0.5,0.4693877551020408,8.0,7.0,0.4077551020408163,0.4948508522727273,1.0,12.0,502.0,576.0,25.0,17.0,16.0,23.0,25.5,15.0,1998.0,2787.0,28.0,18.0,14.34567901234568,12.0,0.0,0.0,14.5,14.5,0.0,0.0,49.0,9.2,6.8,21.0,18.0,384.0,250.0,24.5,23.0,31.0,27.0,20.0,21.0,36.0,26.0,27.0,17.0,29.0,28.0,17.5,47.0,0.0,0.0,14.5,14.5,29.0,27.0,-18.0,25.0,21.5,20.60942760942761,27.0,Houston Oilers,4900.0,5632.0,22.0,24.0,97.1,92.5,5.0,11.0,34.0,53.0,25.0,23.0,33.0,49.0,25.0,22.0,6.8,7.3,18.0,20.0,4.0,4.8,28.0,18.0,12.6,12.3,12.0,15.0,20.2,21.0,23.0,12.0,8.0,7.5,10.0,16.0,4.7,5.5,25.5,24.0,39.7,39.5,6.0,23.0,-732.0,23.0,1.7,1.5208333333333333,26.0,15.0
309.0,332.0,23.5,16.0,171.0,148.0,2.0,11.5,100.0,148.0,26.0,23.0,38.0,36.0,28.0,1.5,0.0,0.0,0.0,0.0,4.0,6.2,26.0,23.0,6903.0,24.0,4.9,7.1,24.0,24.5,36.0,317.0,55.5,59.6,22.0,20.0,286.0,15.0,8.0,12.0,22.0,22.833333333333332,25.0,42.3,66.7,8.5,26.0,0.0,5.0,8.0,9.0,4.0,0.0,3.0,5.0,3.0,0.0,12.0,18.0,11.0,5.0,21.5,26.0,17.26875,23.0,13.35,13.0,21.1875,23.0,24.0,1.0,1.0,3.0,0.5,12.0,,,,,28.0,4.9,2.7,27.0,19.0,1.0,2.0,13.0,27.0,23.0,64.0,53.0,6.0,13.0,0.0,0.0,13.0,15.5,1363.0,949.0,4.0,7.0,5.1,6.5,23.0,28.0,20.083333333333332,22.0,0.0,0.0,283.0,351.0,18.0,-68.0,22.0,23.0,571.0,480.0,7.5,4.0,0.5943304007820137,0.4749536178107607,26.0,3.0,1.71,6.0,30.0,5.3,4.6,15.5,8.0,22.0,16.0,4.0,0.8823529411764706,0.6111111111111112,12.0,1.0,0.6400580551523948,0.5691168875882252,24.0,9.0,3087.0,3306.0,18.0,18.0,144.0,1094.0,1298.0,28.0,28.0,128.0,27.0,28.0,0.12297734627831715,0.10843373493975904,1.0,2.0,1023.0,1078.0,19.5,23.5,89.0,0.0,0.0,14.5,8.0,42.0,13.0,3533.0,3346.0,16.0,7.0,78.0,12.0,6.0,0.0,0.0,9.5,20.5,241.0,403.0,19.0,25.0,44.0,15.0,70.5,86.6,23.0,19.0,3438.0,18.0,0.5847953216374269,23.0,0.4056695992179863,0.5250463821892393,3.0,26.0,0.11764705882352945,0.3888888888888888,17.0,28.0,0.3599419448476052,0.4308831124117748,5.0,20.0,415.0,566.0,24.0,26.0,4.0,14.0,14.0,28.0,1736.0,2503.0,24.0,24.0,18.512345679012345,25.0,0.0,0.0,14.5,14.5,0.0,0.0,37.0,6.1,6.3,25.0,6.0,351.0,247.0,26.0,19.0,32.0,24.5,8.5,26.0,39.0,28.0,14.0,11.0,26.0,25.0,25.5,40.0,0.0,0.0,14.5,14.5,31.0,24.5,-9.0,21.0,17.0,20.654882154882156,28.0,Buffalo Bills,4823.0,5809.0,24.0,25.0,94.4,100.0,27.0,21.0,36.0,39.0,11.5,20.5,34.0,39.0,14.5,20.0,6.0,7.4,21.0,28.0,4.2,4.4,24.0,11.5,10.8,12.4,15.0,28.0,21.3,17.9,4.0,4.0,5.5,9.6,21.0,28.0,4.7,5.4,23.0,24.0,39.7,42.9,27.0,23.0,-986.0,28.0,1.4285714285714286,1.6818181818181817,18.0,28.0
284.0,326.0,22.0,25.0,138.0,172.0,18.5,25.0,130.0,129.0,18.0,11.0,16.0,25.0,21.5,22.0,0.0,0.0,0.0,0.0,4.8,5.3,19.5,16.5,7229.0,15.0,6.2,6.2,18.5,14.5,36.0,220.0,53.4,53.9,7.0,22.0,277.0,9.5,26.0,6.0,25.5,15.833333333333334,20.0,40.9,77.4,25.0,28.0,0.0,5.0,9.0,8.0,0.0,0.0,4.0,4.0,1.0,0.0,20.0,19.0,9.0,21.0,17.166666666666668,20.0,12.6375,10.0,17.15,24.0,8.125,3.5,47.0,0.0,2.0,27.0,0.425531914893617,5.0,,,,,18.0,4.4,3.3,23.5,10.5,1.0,1.0,17.0,23.0,6.5,57.0,55.0,8.0,22.0,0.0,0.0,13.0,15.5,1155.0,1082.0,9.0,20.0,5.9,6.0,13.5,15.0,15.083333333333334,16.0,0.0,0.0,274.0,289.0,3.0,-15.0,15.0,24.0,412.0,514.0,17.0,26.0,0.4592964824120603,0.5018148820326679,18.0,23.0,1.0615384615384615,22.0,16.0,3.9,3.7,6.0,17.0,19.0,7.0,21.5,0.4571428571428571,0.6785714285714286,7.0,26.0,0.5095085671248353,0.5909253945480631,20.0,25.0,2706.0,3295.0,17.0,25.0,90.0,815.0,674.0,2.0,13.0,84.0,4.0,8.5,0.056338028169014086,0.07668711656441718,11.0,20.0,995.0,1102.0,25.0,27.0,81.0,0.0,0.0,14.5,8.0,48.0,21.0,3615.0,3276.0,14.0,6.0,78.0,12.0,14.0,0.0,0.0,9.5,20.5,399.0,392.0,18.0,13.0,44.0,15.0,72.1,74.4,14.0,17.0,3040.0,25.0,0.9420289855072465,7.0,0.5407035175879398,0.4981851179673321,11.0,6.0,0.5428571428571429,0.3214285714285714,22.0,3.0,0.4904914328751647,0.4090746054519369,9.0,4.0,538.0,549.0,20.0,10.0,19.0,9.0,1.5,6.0,2605.0,2281.0,21.0,5.0,15.382716049382717,18.0,0.0,0.0,14.5,14.5,0.0,1.0,45.0,9.8,7.1,20.0,21.0,334.0,270.0,20.0,13.0,39.0,19.0,14.5,22.0,31.0,21.0,25.5,9.0,24.0,23.0,28.0,38.0,0.0,0.0,14.5,14.5,36.0,19.0,-2.0,16.5,12.5,15.43771043771044,17.0,New England Patriots,5311.0,5576.0,20.0,13.0,86.1,96.7,17.0,28.0,36.0,30.0,1.0,20.5,31.0,29.0,1.0,24.0,7.4,6.9,6.5,10.5,4.8,4.2,17.5,1.0,13.8,12.9,19.0,4.0,20.3,19.7,16.5,9.5,9.1,8.2,14.0,10.0,5.3,5.1,18.0,8.5,44.6,42.0,24.5,2.0,-265.0,20.0,1.5416666666666667,1.6428571428571428,21.0,25.0
296.0,289.0,8.5,20.5,164.0,167.0,16.0,14.0,104.0,98.0,5.5,22.0,28.0,24.0,19.0,6.0,0.0,0.0,0.0,0.0,3.7,5.1,18.0,24.5,7410.0,13.0,4.7,6.2,18.5,27.0,23.0,284.0,49.4,57.4,13.5,28.0,283.0,14.0,15.0,14.0,20.0,11.0,10.0,83.3,68.8,10.0,5.5,1.0,13.0,12.0,11.0,5.0,1.0,13.0,11.0,8.0,2.0,27.0,13.0,26.0,27.5,14.166666666666666,13.0,20.175,28.0,17.1,23.0,23.25,25.0,39.0,1.0,2.0,21.5,0.6923076923076923,26.5,,,,,31.0,5.4,4.7,12.0,23.0,1.0,2.0,23.0,13.5,26.0,71.0,67.0,17.0,6.0,0.0,0.0,13.0,15.5,1333.0,1296.0,17.0,11.0,5.6,6.1,16.0,18.0,22.0,26.0,0.0,0.0,267.0,347.0,16.0,-80.0,23.0,25.0,575.0,493.0,12.5,3.0,0.552212389380531,0.5168431183830606,14.0,10.0,1.5769230769230769,10.0,12.0,2.1,5.3,24.0,28.0,26.0,21.5,27.5,0.5714285714285714,0.7222222222222222,2.0,16.0,0.6605487228003785,0.6529835802963556,7.0,6.0,3491.0,3261.0,16.0,8.0,113.0,1020.0,927.0,21.0,26.0,114.0,25.0,21.5,0.0945945945945946,0.08304498269896192,7.0,4.0,1130.0,1039.0,14.0,1.0,85.0,1.0,0.0,14.5,21.0,47.0,18.5,3426.0,3881.0,27.0,11.0,99.0,26.5,9.5,0.0,0.0,9.5,20.5,377.0,283.0,6.0,15.0,55.0,5.0,55.7,78.4,20.0,28.0,3854.0,8.0,0.6341463414634146,19.0,0.4477876106194689,0.4831568816169394,15.0,19.0,0.4285714285714286,0.2777777777777778,27.0,13.0,0.33945127719962154,0.3470164197036444,22.0,23.0,506.0,502.0,12.0,16.0,9.0,10.0,3.5,25.5,1794.0,1733.0,5.0,22.0,12.283950617283951,6.0,0.0,0.0,14.5,14.5,1.0,1.0,49.0,7.9,8.2,11.5,14.0,363.0,323.0,14.0,21.0,44.0,12.0,20.0,42.0,32.0,22.0,2.0,35.0,22.0,21.0,1.0,58.0,0.0,0.0,14.5,14.5,36.0,19.0,-22.0,27.5,28.0,15.35016835016835,16.0,New York Giants,5285.0,4994.0,5.0,15.0,95.7,97.5,23.5,15.5,23.0,40.0,14.5,28.0,22.0,39.0,14.5,27.5,6.7,7.3,18.0,22.0,3.5,3.5,1.5,25.5,13.6,12.7,17.0,6.0,18.8,19.3,14.0,20.0,6.9,6.0,3.0,24.0,4.7,4.8,5.0,24.0,40.3,39.2,4.0,18.0,291.0,8.0,1.9142857142857144,2.085714285714286,2.0,9.0
272.0,321.0,19.5,26.0,110.0,166.0,15.0,28.0,146.0,123.0,14.0,5.0,16.0,32.0,27.0,22.0,0.0,0.0,0.0,0.0,3.7,6.1,24.5,24.5,6943.0,23.0,5.1,7.3,27.5,22.5,25.0,188.0,49.9,57.6,16.0,27.0,281.0,12.0,28.0,20.0,14.5,20.0,22.0,85.7,60.9,4.0,3.0,0.0,6.0,12.0,12.0,5.0,0.0,5.0,11.0,10.0,4.0,11.0,16.0,18.5,4.0,18.5,22.0,15.24375,20.0,22.05,27.0,8.4375,5.0,32.0,2.0,0.0,11.0,0.34375,3.0,,,,,22.0,5.8,4.1,20.0,25.0,1.0,0.0,20.0,20.5,12.5,62.0,61.0,12.0,16.5,0.0,0.0,13.0,15.5,1198.0,1138.0,10.0,16.0,5.5,6.7,26.0,20.5,17.25,19.0,0.0,0.0,264.0,354.0,19.0,-90.0,25.0,26.0,377.0,488.0,9.0,28.0,0.4136585365853658,0.5062200956937799,17.0,28.0,0.7534246575342466,28.0,12.0,3.2,6.4,28.0,25.0,31.0,27.0,27.5,0.5454545454545454,0.7045454545454546,3.0,18.0,0.4629334396173774,0.624468085106383,12.0,28.0,2323.0,3522.0,21.0,28.0,120.0,986.0,666.0,1.0,22.0,82.0,3.0,26.0,0.05882352941176471,0.09968847352024922,3.0,17.0,1025.0,1045.0,15.0,21.5,91.0,0.0,0.0,14.5,8.0,55.0,25.5,4124.0,3328.0,15.0,1.0,80.0,16.5,4.5,0.0,1.0,22.5,20.5,294.0,642.0,28.0,21.0,44.0,15.0,59.4,86.9,24.0,27.0,2663.0,28.0,1.3272727272727274,1.0,0.5863414634146342,0.4937799043062201,12.0,1.0,0.4545454545454546,0.2954545454545454,26.0,11.0,0.5370665603826226,0.3755319148936169,17.0,1.0,601.0,516.0,17.0,3.0,10.0,13.0,10.0,24.0,2695.0,2118.0,17.0,2.0,14.444444444444445,14.0,0.0,0.0,14.5,14.5,1.0,0.0,47.0,11.1,7.8,14.0,26.0,340.0,310.0,16.0,14.0,41.0,17.0,17.5,35.0,23.0,6.5,3.0,30.0,14.0,3.0,3.0,33.0,0.0,0.0,14.5,14.5,36.0,19.0,3.0,11.0,6.5,17.484848484848484,24.0,Baltimore Colts,5018.0,5640.0,23.0,21.0,91.7,93.3,8.0,24.0,24.0,45.0,22.0,27.0,22.0,42.0,20.5,27.5,7.1,7.9,27.0,16.0,4.5,4.1,13.5,3.5,14.2,13.6,24.0,2.0,19.3,18.7,9.5,15.0,6.7,11.7,28.0,25.0,4.9,5.4,23.0,17.0,45.3,41.6,19.5,1.0,-622.0,22.0,1.5777777777777775,1.926829268292683,7.0,23.0
249.0,320.0,18.0,28.0,157.0,172.0,18.5,15.0,72.0,124.0,15.0,28.0,20.0,24.0,19.0,15.5,0.0,0.0,0.0,0.0,4.2,4.8,14.0,21.0,6525.0,27.0,5.2,5.9,13.5,20.5,31.0,300.0,56.8,61.2,26.5,17.0,300.0,20.5,12.0,24.0,10.0,15.583333333333334,19.0,41.7,82.4,28.0,27.0,0.0,9.0,4.0,8.0,3.0,0.0,7.0,0.0,3.0,0.0,13.0,18.0,11.0,6.0,15.166666666666666,17.0,19.43125,27.0,15.05,20.0,23.8125,26.0,39.0,1.0,3.0,21.5,0.3333333333333333,2.0,,,,,24.0,4.5,4.7,12.0,12.5,3.0,4.0,23.0,13.5,18.5,68.0,50.0,4.5,8.5,0.0,0.0,13.0,15.5,1314.0,1039.0,7.0,12.0,5.4,6.2,18.5,24.5,24.166666666666668,28.0,0.0,0.0,241.0,380.0,22.0,-139.0,27.0,27.0,528.0,490.0,10.5,9.5,0.5741293532338309,0.4867337602927722,22.0,5.0,2.180555555555556,2.0,18.0,3.4,3.1,1.5,21.5,15.0,1.5,19.0,0.6666666666666666,0.4411764705882353,26.0,6.0,0.6977886977886978,0.6142301278488049,13.0,4.0,3124.0,3315.0,19.0,15.0,94.0,832.0,799.0,12.0,14.0,105.0,20.0,12.0,0.08032128514056225,0.075,14.0,9.0,1005.0,1093.0,22.0,26.0,96.0,1.0,0.0,14.5,21.0,59.0,28.0,4050.0,3215.0,12.5,2.0,79.0,14.5,1.0,0.0,1.0,22.5,20.5,299.0,603.0,27.0,20.0,42.0,17.5,69.4,74.6,15.0,20.0,3490.0,15.0,0.4585987261146497,27.0,0.4258706467661692,0.5132662397072278,7.0,24.0,0.33333333333333337,0.5588235294117647,3.0,23.0,0.3022113022113022,0.3857698721511951,16.0,25.0,428.0,561.0,23.0,24.0,9.0,19.0,21.0,25.5,1353.0,2082.0,15.0,27.0,18.62962962962963,26.0,0.0,0.0,14.5,14.5,0.0,2.0,49.0,8.5,7.9,13.0,17.0,366.0,309.0,17.0,22.0,42.0,15.0,20.0,24.0,34.0,24.5,21.5,10.0,28.0,26.5,27.0,37.0,0.0,0.0,14.5,14.5,41.0,12.0,4.0,10.0,10.0,19.535353535353536,26.0,Tampa Bay Buccaneers,4477.0,5397.0,16.0,28.0,86.2,95.2,13.0,27.0,29.0,42.0,18.0,25.0,25.0,40.0,18.0,25.0,6.6,7.4,21.0,24.5,3.2,3.7,7.0,27.5,11.6,12.1,8.0,24.0,19.3,20.8,22.0,15.0,7.1,10.2,23.0,22.5,4.5,4.9,7.5,28.0,42.2,40.7,14.0,6.0,-920.0,26.0,2.0625,2.0,5.0,5.0
253.0,310.0,14.0,27.0,150.0,149.0,3.0,21.5,91.0,144.0,24.0,26.0,12.0,17.0,5.5,28.0,0.0,0.0,0.0,0.0,5.1,6.1,24.5,13.5,6405.0,28.0,6.5,7.2,25.5,11.0,27.0,252.0,51.9,57.4,13.5,24.0,247.0,2.0,23.0,2.0,27.0,16.5,21.0,57.7,75.7,18.0,22.0,1.0,5.0,9.0,8.0,3.0,1.0,5.0,6.0,2.0,1.0,18.0,15.0,22.5,13.0,20.583333333333332,24.0,18.94375,26.0,13.2,12.0,24.6875,27.0,37.0,0.0,0.0,18.0,0.4864864864864865,10.5,,,,,18.0,3.7,1.9,28.0,6.0,0.0,0.0,8.0,28.0,6.5,62.0,45.0,2.0,16.5,0.0,0.0,13.0,15.5,1168.0,804.0,1.0,19.0,5.7,6.0,13.5,16.5,22.083333333333332,27.0,0.0,0.0,233.0,322.0,8.0,-89.0,24.0,28.0,486.0,430.0,2.0,17.0,0.5746031746031746,0.4240218380345769,28.0,4.0,1.6483516483516485,7.0,22.0,4.5,4.7,17.5,14.5,20.0,10.5,15.0,0.8148148148148148,0.5882352941176471,16.0,2.0,0.6874724305249228,0.5125757297595006,27.0,5.0,3117.0,2792.0,2.0,16.0,79.0,637.0,755.0,7.0,2.0,94.0,10.0,2.0,0.04743083003952569,0.05483870967741936,23.0,26.0,945.0,1099.0,23.5,28.0,86.0,0.0,0.0,14.5,8.0,57.0,27.0,3521.0,3024.0,8.0,9.0,80.0,16.5,8.0,0.0,0.0,9.5,20.5,259.0,511.0,22.0,24.0,45.0,13.0,75.2,87.2,25.0,14.0,3532.0,12.0,0.6066666666666667,22.0,0.42539682539682544,0.5759781619654232,1.0,25.0,0.18518518518518529,0.4117647058823529,13.0,27.0,0.3125275694750772,0.4874242702404994,2.0,24.0,402.0,633.0,28.0,27.0,5.0,14.0,14.0,27.0,1417.0,2655.0,27.0,26.0,15.358024691358024,17.0,0.0,0.0,14.5,14.5,1.0,0.0,57.0,10.5,7.7,15.5,24.0,415.0,256.0,23.0,25.0,36.0,21.0,27.0,26.0,37.0,27.0,14.0,15.0,28.0,26.5,22.0,36.0,0.0,0.0,14.5,14.5,23.0,28.0,-13.0,23.5,8.5,18.218855218855218,25.0,Philadelphia Eagles,4534.0,5447.0,18.0,27.0,88.9,100.0,27.0,26.0,27.0,34.0,4.0,26.0,24.0,34.0,6.0,26.0,7.3,7.1,13.0,13.0,3.5,4.2,17.5,25.5,14.0,12.3,12.0,3.0,18.8,17.9,4.0,20.0,5.8,9.0,17.0,27.0,4.8,5.0,13.0,19.5,40.9,37.8,1.0,14.0,-913.0,25.0,2.085714285714286,1.6904761904761902,17.0,4.0
310.8,310.8,14.5,14.5,167.0,167.0,14.5,14.5,121.7,121.7,14.5,14.5,22.1,22.1,14.5,14.5,0.0,0.0,0.0,0.0,5.0,5.0,14.5,14.5,7363.7,14.5,6.1,6.1,14.5,14.5,41.57142857142857,285.5,56.9,56.9,14.5,14.5,285.5,14.5,14.5,20.0,14.5,14.5,14.5,71.5,71.5,14.5,14.5,0.8,7.2,8.5,8.5,2.5,0.8,6.5,6.5,5.0,1.0,17.6,17.6,14.5,14.5,14.5,14.5,14.5,14.5,14.5,14.5,14.5,14.5,34.2,1.2,1.2,14.5,0.5146198830409356,14.5,14.5,14.5,14.5,14.5,22.1,4.4,4.4,14.5,14.5,1.8,1.8,22.1,14.5,14.5,63.6,63.6,14.5,14.5,0.1,0.1,14.5,14.5,1243.4,1243.4,14.5,14.5,6.0,6.0,14.5,14.5,14.5,14.5,0.1,0.1,349.3,349.3,14.5,0.0,14.5,14.5,501.7,501.7,14.5,14.5,0.5178605358160745,0.5178605358160745,14.5,14.5,1.372226787181594,14.5,22.3,4.4,4.4,14.5,14.5,22.3,14.5,14.5,0.5883905013192613,0.5883905013192613,14.5,14.5,0.6119854947848518,0.6119854947848518,14.5,14.5,3274.0,3274.0,14.5,14.5,100.03571428571428,846.8928571428571,846.8928571428571,14.5,14.5,100.03571428571428,14.5,14.5,0.07110682110682111,0.07110682110682111,14.5,14.5,1052.6,1052.6,14.5,14.5,80.3,0.5,0.5,14.5,14.5,44.0,14.5,3296.5,3296.5,14.5,14.5,80.3,14.5,14.5,0.4,0.4,14.5,14.5,378.9,378.9,14.5,14.5,44.0,14.5,73.1,73.1,14.5,14.5,3604.3,14.5,0.7287425149700599,14.5,0.4821394641839255,0.4821394641839255,14.5,14.5,0.4116094986807387,0.4116094986807387,14.5,14.5,0.3880145052151481,0.3880145052151481,14.5,14.5,507.5,507.5,14.5,14.5,15.6,15.6,14.5,14.5,2075.8,2075.8,14.5,14.5,14.5,14.5,0.0,0.0,14.5,14.5,0.7,0.7,43.4,8.0,8.0,14.5,14.5,330.3,330.3,14.5,14.5,43.4,14.5,14.5,27.5,27.5,14.5,14.5,19.7,19.7,14.5,14.5,39.8,0.0,0.0,14.5,14.5,39.8,14.5,0.0,14.5,14.5,14.5,14.5,Avg Team,5349.8,5349.8,14.5,14.5,95.8,95.8,14.5,14.5,41.2,41.2,14.5,14.5,39.4,39.4,14.5,14.5,7.2,7.2,14.5,14.5,4.1,4.1,14.5,14.5,12.6,12.6,14.5,14.5,19.5,19.5,14.5,14.5,8.6,8.6,14.5,14.5,5.1,5.1,14.5,14.5,41.0,41.0,14.5,14.5,0.0,14.5,1.75609756097561,1.75609756097561,14.5,14.5
