Year,#Dr,#Dr_Defense,#Dr_Defense_Low_Rank,#Dr_High_Rank,1stD,1stD_Defense,1stD_Defense_Low_Rank,1stD_High_Rank,1stDpass,1stDpass_Defense,1stDpass_Defense_Low_Rank,1stDpass_High_Rank,1stDrun,1stDrun_Defense,1stDrun_Defense_Low_Rank,1stDrun_High_Rank,1stPy,1stPy_Defense,1stPy_Defense_Low_Rank,1stPy_High_Rank,2PA,2PA_Defense,2PM,2PM_Defense,ANY/A,ANY/A_Defense,ANY/A_Defense_Low_Rank,ANY/A_High_Rank,APYd,APYd_High_Rank,AY/A,AY/A_Defense,AY/A_Defense_Low_Rank,AY/A_High_Rank,AllTD,AvgDriveTime,AvgDriveTime_Defense,AvgDriveTime_High_Rank,AvgFieldPositionDifferential,AvgFieldPositionDifferential_High_Rank,AvgStartingPosition,AvgStartingPosition_Defense,AvgStartingPosition_Defense_Low_Rank,AvgStartingPosition_High_Rank,Cmp,Cmp%,Cmp%_Defense,Cmp%_Defense_Low_Rank,Cmp%_High_Rank,Cmp_Defense,Cmp_Defense_Low_Rank,Cmp_High_Rank,DefensivePtsScored,DefensivePtsScored_High_Rank,Dscore,Dscore_Rank,ExpectedPoints,ExpectedPointsPassing,ExpectedPointsPassing_Defense,ExpectedPointsPassing_Defense_High_Rank,ExpectedPointsPassing_High_Rank,ExpectedPointsRunning,ExpectedPointsRunning_Defense,ExpectedPointsRunning_Defense_High_Rank,ExpectedPointsRunning_High_Rank,ExpectedPoints_Defense,ExpectedPoints_Defense_High_Rank,ExpectedPoints_High_Rank,FG%,FG%_Defense,FG%_Defense_Low_Rank,FG%_High_Rank,FGA019,FGA2029,FGA3039,FGA4049,FGA50Plus,FGM019,FGM2029,FGM3039,FGM4049,FGM50Plus,FL,FL_Defense,FL_Defense_High_Rank,FL_Low_Rank,FantasyDstScore,FantasyDstScore_Rank,FantasyOffenseScore,FantasyOffenseScore_Rank,FantasyPassScore,FantasyPassScore_Rank,FantasyRushScore,FantasyRushScore_Rank,Fmb,FmbTD,FmbTD_Defense,FumbleLostPercent,FumbleLostPercent_Low_Rank,GameControlPlusBalance,GameControlPlusBalance_Rank,GameControlScore,GameControlScore_Rank,Int,Int%,Int%_Defense,Int%_Defense_High_Rank,Int%_Low_Rank,IntTD,IntTD_Defense,Int_Defense,Int_Defense_High_Rank,Int_Low_Rank,KickRet,KickRet_Defense,KickRet_Defense_Low_Rank,KickRet_High_Rank,KrTD,KrTD_Defense,KrTD_Defense_Low_Rank,KrTD_High_Rank,KrYds,KrYds_Defense,KrYds_Defense_Low_Rank,KrYds_High_Rank,NY/A,NY/A_Defense,NY/A_Defense_Low_Rank,NY/A_High_Rank,Oscore,Oscore_Rank,OthTD,OthTD_Defense,PF,PF_Defense,PF_Defense_Low_Rank,PF_Differential,PF_Differential_High_Rank,PF_High_Rank,PassAtt,PassAtt_Defense,PassAtt_Defense_Low_Rank,PassAtt_High_Rank,PassPercent,PassPercent_Defense,PassPercent_Defense_High_Rank,PassPercent_High_Rank,PassRun1dRatio,PassRun1dRatio_High_Rank,PassTD,PassTD%,PassTD%_Defense,PassTD%_Defense_Low_Rank,PassTD%_High_Rank,PassTD_Defense,PassTD_Defense_Low_Rank,PassTD_High_Rank,PassTdPercent,PassTdPercent_Defense,PassTdPercent_Defense_High_Rank,PassTdPercent_High_Rank,PassYdPercent,PassYdPercent_Defense,PassYdPercent_Defense_High_Rank,PassYdPercent_High_Rank,PassYds,PassYds_Defense,PassYds_Defense_Low_Rank,PassYds_High_Rank,Pen,PenYds,PenYds_Defense,PenYds_Defense_Low_Rank,PenYds_Low_Rank,Pen_Defense,Pen_Defense_Low_Rank,Pen_Low_Rank,Penalty1dPercent,Penalty1dPercent_Defense,Penalty1dPercent_Defense_High_Rank,Penalty1dPercent_High_Rank,Plays/Drive,Plays/Drive_Defense,Plays/Drive_Defense_Low_Rank,Plays/Drive_High_Rank,Ply,Ply_Defense,Ply_Defense_Low_Rank,Ply_High_Rank,Pnt,PntBlck,PntBlck_Defense,PntBlck_Defense_Low_Rank,PntBlck_Low_Rank,PntRet_Defense,PntRet_Defense_Low_Rank,PntYds,PntYds_Defense,PntYds_Defense_Low_Rank,PntYds_High_Rank,Pnt_Defense,Pnt_Defense_Low_Rank,Pnt_High_Rank,PrTD,PrTD_Defense,PrTD_Defense_Low_Rank,PrTD_High_Rank,PrYds,PrYds_Defense,PrYds_Defense_Low_Rank,PrYds_High_Rank,Pts/Drive,Pts/Drive_Defense,Pts/Drive_Defense_Low_Rank,Pts/Drive_High_Rank,PuntRet,PuntRet_High_Rank,QbRating,QbRating_Defense,QbRating_Defense_Low_Rank,QbRating_High_Rank,RawPassYds,RawPassYds_High_Rank,RunPass1dRatio,RunPass1dRatio_High_Rank,RunPercent,RunPercent_Defense,RunPercent_Defense_High_Rank,RunPercent_High_Rank,RunTdPercent,RunTdPercent_Defense,RunTdPercent_Defense_High_Rank,RunTdPercent_High_Rank,RunYdPercent,RunYdPercent_Defense,RunYdPercent_Defense_High_Rank,RunYdPercent_High_Rank,RushAtt,RushAtt_Defense,RushAtt_Defense_Low_Rank,RushAtt_High_Rank,RushTD,RushTD_Defense,RushTD_Defense_Low_Rank,RushTD_High_Rank,RushYds,RushYds_Defense,RushYds_Defense_Low_Rank,RushYds_High_Rank,STscore,STscore_Rank,Sc%,Sc%_Defense,Sc%_Defense_Low_Rank,Sc%_High_Rank,Sfty,Sfty_Defense,Sk,Sk%,Sk%_Defense,Sk%_Defense_High_Rank,Sk%_Low_Rank,SkYds,SkYds_Defense,SkYds_Defense_High_Rank,SkYds_Low_Rank,Sk_Defense,Sk_Defense_High_Rank,Sk_Low_Rank,TFGA,TFGA_Defense,TFGA_Defense_Low_Rank,TFGA_High_Rank,TFGM,TFGM_Defense,TFGM_Defense_Low_Rank,TFGM_High_Rank,TO,TO%,TO%_Defense,TO%_Defense_High_Rank,TO%_Low_Rank,TO_Defense,TO_Defense_High_Rank,TO_Differential,TO_Differential_High_Rank,TO_Low_Rank,ThreePhaseScore,ThreePhaseScore_Rank,TimeOfPossession,TimeOfPossession_Defense,TimeOfPossession_High_Rank,TotalYds,TotalYds_Defense,TotalYds_Defense_Low_Rank,TotalYds_High_Rank,XP%,XP%_Defense,XP%_Defense_Low_Rank,XP%_High_Rank,XPA,XPA_Defense,XPA_Defense_Low_Rank,XPA_High_Rank,XPM,XPM_Defense,XPM_Defense_Low_Rank,XPM_High_Rank,Y/Apass,Y/Apass_Defense,Y/Apass_Defense_Low_Rank,Y/Apass_High_Rank,Y/Arun,Y/Arun_Defense,Y/Arun_Defense_Low_Rank,Y/Arun_High_Rank,Y/C,Y/C_Defense,Y/C_Defense_Low_Rank,Y/C_High_Rank,Y/KR,Y/KR_Defense,Y/KR_Defense_Low_Rank,Y/KR_High_Rank,Y/PR,Y/PR_Defense,Y/PR_Defense_Low_Rank,Y/PR_High_Rank,Y/Play,Y/Play_Defense,Y/Play_Defense_Low_Rank,Y/Play_High_Rank,Y/Pnt,Y/Pnt_Defense,Y/Pnt_Defense_Low_Rank,Y/Pnt_High_Rank,Yds/Drive,Yds/Drive_Defense,Yds/Drive_Defense_Low_Rank,Yds/Drive_High_Rank,Yds_Differential,Yds_Differential_High_Rank,YppYprRatio,YppYprRatio_Defense,YppYprRatio_Defense_High_Rank,YppYprRatio_High_Rank
1981.0,,,,,318.0,303.0,14.5,10.0,176.0,172.0,21.0,7.0,116.0,94.0,2.0,18.0,26.0,37.0,28.0,11.5,0.0,0.0,0.0,0.0,5.4,5.3,18.0,11.0,7892.0,4.0,6.2,6.0,14.5,12.0,52.0,,,,,,,,,,311.0,55.2,57.0,19.5,12.0,322.0,28.0,6.0,42.0,1.0,13.0,12.0,,,,,,,,,,,,,63.6,62.1,11.0,15.0,2.0,7.0,12.0,11.0,1.0,1.0,7.0,8.0,5.0,0.0,17.0,21.0,6.5,11.0,12.5,8.0,11.9375,11.0,7.75,6.0,16.125,18.0,31.0,4.0,1.0,0.5483870967741935,18.5,,,,,24.0,4.3,4.4,11.0,15.0,3.0,0.0,25.0,8.0,21.0,62.0,67.0,19.0,14.0,0.0,0.0,12.5,16.5,1419.0,1286.0,18.0,8.0,6.2,6.2,17.5,11.5,10.833333333333336,7.0,0.0,0.0,426.0,355.0,18.5,71.0,7.0,2.0,563.0,565.0,26.0,4.0,0.547945205479452,0.5641025641025641,1.0,6.0,1.5172413793103448,12.0,30.0,5.3,5.3,23.0,6.5,30.0,27.0,2.5,0.6666666666666666,0.75,1.5,5.0,0.653072033898305,0.6888307807246918,2.0,8.0,3699.0,3688.0,25.0,5.0,90.0,940.0,804.0,7.0,22.5,97.0,7.0,5.0,0.08176100628930817,0.12211221122112212,1.0,11.5,,,,,1095.0,1053.0,13.0,8.0,88.0,1.0,0.0,14.5,24.0,59.0,26.0,3584.0,4051.0,27.0,8.0,96.0,25.0,6.5,0.0,2.0,27.5,18.5,383.0,577.0,25.0,13.0,,,,,50.0,8.0,77.6,77.8,17.0,9.0,3986.0,6.0,0.6590909090909091,17.0,0.452054794520548,0.4358974358974359,28.0,23.0,0.33333333333333337,0.25,27.5,24.0,0.34692796610169496,0.31116921927530816,27.0,21.0,495.0,459.0,1.0,17.0,15.0,10.0,4.0,14.5,1965.0,1666.0,2.0,18.0,14.050505050505052,13.0,0.0,0.0,14.5,14.5,0.0,1.0,37.0,6.2,4.9,24.0,13.0,287.0,239.0,22.5,15.0,29.0,22.5,15.5,33.0,29.0,17.5,6.5,21.0,18.0,13.5,9.5,41.0,0.0,0.0,14.5,14.5,46.0,8.5,5.0,10.0,16.5,12.49862258953168,10.0,,,,5664.0,5354.0,14.0,7.0,100.0,95.3,15.0,5.0,51.0,43.0,19.5,2.5,51.0,41.0,21.5,2.0,7.1,7.0,13.5,13.5,4.0,3.6,5.0,18.0,12.8,12.2,10.0,12.0,22.9,19.2,7.5,3.0,7.7,9.8,22.0,17.5,5.2,5.1,16.0,11.5,40.7,42.2,24.0,14.0,,,,,310.0,13.0,1.775,1.9444444444444444,9.0,12.0
1982.0,,,,,190.0,170.0,16.5,4.0,92.0,84.0,6.0,14.0,79.0,66.0,17.0,4.5,19.0,20.0,26.0,3.0,0.0,0.0,0.0,0.0,4.9,5.3,21.5,12.5,4040.0,11.0,6.1,6.2,20.0,11.5,22.0,,,,,,,,,,176.0,64.0,56.1,16.0,2.5,157.0,14.5,6.5,6.0,18.5,17.0,20.0,,,,,,,,,,,,,71.4,50.0,3.0,12.0,0.0,6.0,3.0,3.0,2.0,0.0,6.0,1.0,2.0,2.0,10.0,15.0,1.0,17.5,16.833333333333332,21.0,11.1,7.0,13.2,14.0,9.0,5.0,14.0,1.0,1.0,0.7142857142857143,27.0,,,,,11.0,4.0,3.6,24.0,12.5,0.0,0.0,10.0,23.0,10.5,29.0,30.0,8.5,23.5,0.0,0.0,13.5,15.5,513.0,678.0,13.0,27.0,5.9,6.1,19.5,14.0,11.0,8.5,0.0,0.0,183.0,199.0,21.0,-16.0,18.0,14.0,275.0,280.0,13.0,16.5,0.4918032786885246,0.5408348457350273,13.0,21.0,1.1645569620253164,21.0,9.0,3.3,4.3,18.0,20.0,12.0,18.5,20.5,0.42857142857142855,0.48,25.0,26.0,0.6014174822814715,0.6334269662921348,14.0,18.0,1782.0,1804.0,13.0,18.0,77.0,655.0,549.0,22.0,27.0,60.0,21.5,27.0,0.1,0.1176470588235294,3.0,6.0,,,,,610.0,551.0,4.5,3.0,43.0,0.0,0.0,14.5,11.0,24.0,12.0,1690.0,1585.0,6.0,19.0,38.0,5.0,19.0,0.0,0.0,12.5,16.5,273.0,197.0,14.0,7.0,,,,,24.0,13.0,79.8,77.2,19.0,7.0,1992.0,17.0,0.8586956521739131,8.0,0.5081967213114754,0.4591651542649727,16.0,8.0,0.5714285714285714,0.52,4.0,3.0,0.3985825177185285,0.3665730337078652,15.0,11.0,310.0,253.0,6.0,6.0,12.0,13.0,27.0,6.5,1181.0,1044.0,17.0,9.0,16.454545454545453,20.0,0.0,0.0,14.5,14.5,0.0,0.0,25.0,8.3,6.0,20.5,17.0,210.0,141.0,22.0,16.0,18.0,21.5,16.5,14.0,12.0,4.0,19.5,10.0,6.0,2.0,15.5,21.0,0.0,0.0,14.5,14.5,25.0,8.5,4.0,9.5,12.0,14.669421487603307,17.0,,,,2963.0,2848.0,14.5,9.0,95.5,96.2,22.0,14.5,22.0,26.0,25.0,12.0,21.0,25.0,24.5,12.5,7.2,6.9,10.5,11.5,3.8,4.1,22.0,13.0,11.3,12.4,14.0,24.5,17.7,22.6,24.0,27.0,11.4,8.2,13.5,3.0,4.9,5.2,22.5,14.0,39.3,41.7,20.0,19.0,,,,,115.0,11.0,1.8947368421052635,1.6829268292682928,23.0,9.0
1983.0,,,,,325.0,342.0,25.0,9.0,190.0,187.0,25.0,6.0,118.0,139.0,23.0,17.0,17.0,16.0,3.5,19.0,0.0,0.0,0.0,0.0,6.1,6.5,28.0,5.0,7896.0,6.0,7.5,7.3,27.5,3.5,46.0,,,,,,,,,,321.0,63.3,63.5,28.0,3.0,313.0,25.0,7.0,24.0,10.0,25.33333333333333,27.0,,,,,,,,,,,,,77.3,65.4,6.0,13.0,0.0,5.0,5.0,11.0,1.0,0.0,4.0,4.0,9.0,0.0,19.0,15.0,22.5,17.0,20.166666666666668,23.0,9.85625,5.0,7.15,5.0,12.5625,14.0,36.0,2.0,1.0,0.5277777777777778,14.0,,,,,10.0,2.0,3.0,25.0,1.0,2.0,0.0,15.0,25.0,1.0,67.0,60.0,10.0,10.0,0.0,0.0,13.0,15.5,1258.0,1212.0,13.0,15.0,6.1,6.7,26.0,12.5,7.666666666666668,3.0,0.0,0.0,370.0,389.0,23.0,-19.0,18.0,10.0,507.0,493.0,12.5,12.0,0.5332068311195446,0.5122189638318669,15.0,12.0,1.6101694915254237,9.0,24.0,4.7,5.7,25.0,12.0,28.0,25.0,13.0,0.5853658536585366,0.5833333333333334,17.0,15.0,0.6048329779673063,0.6036731891520769,16.0,15.0,3404.0,3517.0,20.0,11.0,90.0,806.0,710.0,4.5,12.0,81.0,2.0,8.5,0.05230769230769231,0.04678362573099415,26.0,23.0,,,,,1054.0,1023.0,6.5,15.0,71.0,1.0,0.0,14.5,21.0,34.0,3.0,2863.0,2814.0,5.0,24.0,67.0,3.0,23.0,1.0,0.0,9.5,6.5,489.0,179.0,1.0,5.0,,,,,46.0,11.5,93.6,92.8,28.0,3.0,3793.0,9.0,0.6210526315789474,20.0,0.4667931688804554,0.487781036168133,14.0,17.0,0.41463414634146345,0.4166666666666666,12.0,14.0,0.3951670220326937,0.3963268108479231,13.0,14.0,492.0,499.0,11.0,18.0,17.0,20.0,22.5,11.5,2224.0,2309.0,22.0,11.0,14.181818181818182,12.0,0.0,0.0,14.5,14.5,0.0,0.0,55.0,9.8,5.9,26.0,21.0,389.0,217.0,28.0,24.0,31.0,27.0,25.0,22.0,26.0,10.5,25.5,17.0,17.0,8.0,17.5,29.0,0.0,0.0,14.5,14.5,30.0,26.0,1.0,14.0,3.0,15.867768595041325,18.0,,,,5628.0,5826.0,25.0,8.0,95.6,89.8,3.0,17.5,45.0,49.0,24.0,11.0,43.0,44.0,24.0,10.5,7.5,7.6,23.0,8.5,4.5,4.6,27.0,3.5,11.8,11.9,6.0,23.0,18.8,20.2,19.0,20.0,10.6,5.3,2.0,6.5,5.3,5.7,28.0,8.5,40.3,42.0,24.5,18.0,,,,,-198.0,18.0,1.6666666666666667,1.6521739130434785,19.0,18.0
1984.0,,,,,292.0,317.0,18.0,21.0,151.0,162.0,9.0,22.0,123.0,131.0,22.0,8.0,18.0,24.0,18.5,21.0,0.0,0.0,0.0,0.0,4.5,6.5,24.5,19.5,7183.0,17.0,6.1,7.7,26.0,11.5,31.0,,,,,,,,,,294.0,61.5,59.1,21.0,4.0,262.0,7.5,12.0,10.0,20.0,19.166666666666668,21.0,,,,,,,,,,,,,74.1,53.3,2.0,13.5,0.0,4.0,10.0,9.0,4.0,0.0,4.0,9.0,4.0,3.0,21.0,20.0,6.0,28.0,18.916666666666668,23.0,15.46875,18.0,16.25,21.0,14.6875,17.0,39.0,0.0,2.0,0.5384615384615384,22.0,,,,,20.0,4.2,2.7,27.0,15.0,1.0,2.0,12.0,27.0,12.0,70.0,48.0,4.5,6.0,0.0,0.0,12.0,17.0,1367.0,1053.0,6.0,6.0,5.6,6.5,23.0,19.0,19.33333333333333,23.0,0.0,0.0,281.0,382.0,22.0,-101.0,23.0,22.0,478.0,443.0,3.0,22.0,0.5270793036750484,0.4720314033366045,26.0,16.0,1.2276422764227641,23.0,14.0,2.9,6.1,26.0,26.5,27.0,24.0,25.5,0.4666666666666667,0.627906976744186,11.0,27.0,0.6046788263283108,0.5921576056071226,22.0,19.0,3050.0,3126.0,7.0,20.0,125.0,1011.0,820.0,13.0,24.0,93.0,10.0,25.0,0.06164383561643835,0.07570977917981073,11.0,19.0,,,,,1034.0,1019.0,5.0,22.0,70.0,2.0,0.0,14.5,25.5,42.0,13.0,2939.0,2496.0,1.0,19.0,60.0,1.0,21.0,0.0,1.0,24.5,18.0,264.0,450.0,19.0,22.0,,,,,41.0,13.5,76.6,92.5,26.0,11.0,3546.0,17.0,0.8145695364238411,6.0,0.4729206963249516,0.5279685966633955,3.0,13.0,0.5333333333333333,0.37209302325581395,18.0,2.0,0.3953211736716892,0.4078423943928774,7.0,10.0,489.0,538.0,22.0,14.5,16.0,16.0,19.5,12.5,1994.0,2153.0,21.0,15.0,18.545454545454547,27.0,0.0,0.0,14.5,14.5,2.0,0.0,67.0,12.3,7.9,16.0,27.0,496.0,287.0,22.0,27.0,38.0,22.0,28.0,27.0,30.0,18.5,17.5,20.0,16.0,4.5,17.0,41.0,0.0,0.0,14.5,14.5,32.0,20.5,-9.0,23.0,23.0,19.05785123966942,24.0,,,,5044.0,5279.0,15.0,19.0,100.0,95.8,10.0,6.5,31.0,48.0,22.5,22.5,31.0,46.0,22.0,22.0,7.4,7.7,24.5,10.5,4.1,4.0,16.5,12.0,12.1,13.0,19.0,20.0,19.5,21.9,26.5,16.0,6.4,10.7,25.0,24.5,4.9,5.2,20.5,15.5,42.0,41.6,20.0,12.0,,,,,-235.0,19.0,1.804878048780488,1.925,7.0,12.0
1985.0,,,,,296.0,329.0,20.0,17.0,132.0,181.0,20.0,25.0,149.0,112.0,15.0,2.0,15.0,36.0,26.0,26.0,0.0,0.0,0.0,0.0,3.5,6.0,24.5,27.0,7169.0,20.0,5.2,7.1,25.5,24.0,30.0,,,,,,,,,,254.0,55.0,54.0,11.5,11.5,289.0,19.5,23.0,12.0,16.5,24.16666666666667,27.0,,,,,,,,,,,,,77.4,73.9,13.0,11.0,0.0,9.0,10.0,11.0,1.0,0.0,7.0,8.0,8.0,1.0,10.0,12.0,25.5,3.0,20.916666666666668,27.0,13.79375,16.0,20.15,26.0,7.4375,5.0,23.0,1.0,1.0,0.43478260869565216,6.0,,,,,20.0,4.3,4.1,15.5,14.5,1.0,0.0,22.0,13.0,9.0,72.0,62.0,13.0,3.0,1.0,0.0,11.5,4.0,1406.0,1135.0,6.5,8.0,4.7,6.6,24.0,28.0,16.75,18.0,0.0,0.0,282.0,452.0,28.0,-170.0,27.0,26.0,462.0,535.0,21.5,23.5,0.4867094408799267,0.5690335305719921,6.0,23.0,0.8859060402684564,27.0,13.0,2.8,6.0,26.0,26.0,32.0,27.0,26.5,0.4814814814814815,0.5714285714285714,13.0,23.0,0.5028225806451613,0.6492307692307693,9.0,28.0,2494.0,3798.0,27.0,27.0,126.0,1149.0,738.0,9.0,27.0,97.0,11.0,26.0,0.05067567567567568,0.1094224924012158,4.0,26.0,,,,,1091.0,1014.0,5.0,7.0,89.0,0.0,0.0,14.5,9.0,52.0,27.0,3757.0,2898.0,7.0,8.0,69.0,6.0,8.0,0.0,0.0,10.5,17.5,223.0,417.0,19.0,26.0,,,,,31.0,23.0,66.5,82.1,24.0,21.0,3025.0,25.0,1.1287878787878791,2.0,0.5132905591200734,0.4309664694280079,23.0,6.0,0.5185185185185186,0.4285714285714286,16.0,6.0,0.4971774193548387,0.3507692307692307,20.0,1.0,560.0,437.0,6.0,6.0,14.0,24.0,26.0,18.0,2466.0,2052.0,17.0,3.0,14.292929292929294,10.0,0.0,0.0,14.5,14.5,0.0,2.0,69.0,13.0,7.3,18.0,28.0,531.0,331.0,17.0,28.0,42.0,17.0,28.0,31.0,23.0,4.0,11.5,24.0,17.0,5.0,8.5,30.0,0.0,0.0,14.5,14.5,34.0,22.0,4.0,9.0,3.0,18.776859504132236,24.0,,,,4960.0,5850.0,25.0,20.0,103.4,98.2,23.0,1.0,29.0,56.0,28.0,26.0,30.0,55.0,28.0,23.5,6.5,7.7,23.5,23.0,4.4,4.7,26.0,6.5,11.9,14.3,26.0,27.0,19.5,18.3,2.0,24.5,7.2,8.0,7.5,25.5,4.5,5.8,28.0,27.5,42.2,42.0,20.5,9.5,,,,,-890.0,23.0,1.4772727272727268,1.6382978723404256,22.0,24.0
1986.0,,,,,305.0,268.0,2.0,12.5,137.0,139.0,2.0,25.5,149.0,111.0,17.5,2.0,19.0,18.0,5.5,23.5,0.0,0.0,0.0,0.0,4.1,5.0,14.5,21.0,6996.0,18.0,5.7,5.6,9.5,15.0,30.0,,,,,,,,,,246.0,54.4,53.2,6.0,17.0,241.0,4.0,23.0,26.0,7.0,11.833333333333336,9.0,,,,,,,,,,,,,63.9,57.7,4.0,20.0,2.0,5.0,11.0,14.0,4.0,2.0,4.0,7.0,10.0,0.0,16.0,14.0,18.0,15.0,13.916666666666664,13.0,13.51875,14.0,18.6,23.0,8.4375,5.0,31.0,2.0,0.0,0.5161290322580645,18.5,,,,,17.0,3.8,4.9,6.5,12.5,2.0,1.0,22.0,11.0,7.5,54.0,59.0,11.5,23.0,0.0,0.0,12.0,17.0,1035.0,1190.0,14.0,25.0,5.1,6.2,21.5,22.0,14.75,14.0,0.0,1.0,280.0,280.0,6.0,0.0,16.0,21.0,452.0,453.0,3.0,25.0,0.4677716390423573,0.4968879668049793,22.0,26.0,0.9194630872483222,26.0,14.0,3.1,4.2,18.5,23.5,19.0,9.0,24.5,0.5384615384615384,0.6551724137931034,10.0,17.0,0.5056795926361144,0.6096169519152405,19.0,26.0,2582.0,2992.0,7.0,25.0,99.0,763.0,834.0,15.0,8.0,106.0,16.5,13.5,0.062295081967213124,0.06716417910447761,21.0,25.0,,,,,1086.0,964.0,1.0,5.0,79.0,1.0,0.0,14.5,17.0,47.0,22.5,3465.0,3436.0,16.0,14.0,83.0,15.5,18.5,0.0,3.0,27.5,20.5,292.0,477.0,23.0,20.0,,,,,44.0,8.5,70.2,69.3,10.0,18.0,3046.0,23.0,1.0875912408759123,3.0,0.5322283609576427,0.5031120331950207,7.0,3.0,0.4615384615384616,0.3448275862068966,19.0,12.0,0.4943204073638856,0.3903830480847595,10.0,3.0,578.0,485.0,15.5,2.5,12.0,10.0,5.5,18.5,2524.0,1916.0,16.0,3.0,18.343434343434343,27.0,0.0,0.0,14.5,14.5,1.0,0.0,56.0,11.0,5.4,25.0,27.0,464.0,177.0,27.0,25.5,26.0,26.0,23.5,36.0,26.0,7.5,4.0,23.0,15.0,2.5,7.0,33.0,0.0,0.0,14.5,14.5,36.0,15.0,3.0,12.0,11.0,14.669421487603307,16.0,,,,5106.0,4908.0,7.0,17.0,96.7,91.2,2.0,18.0,30.0,34.0,7.0,21.5,29.0,31.0,6.0,22.5,6.7,7.0,16.5,18.5,4.4,4.0,19.5,5.0,12.4,13.1,20.0,16.0,19.2,20.2,19.0,21.0,6.6,10.1,22.5,26.0,4.7,5.1,21.5,19.5,43.9,41.4,20.5,4.0,,,,,198.0,11.0,1.5227272727272727,1.75,15.0,25.0
1987.0,,,,,230.0,354.0,28.0,28.0,139.0,164.0,20.0,23.0,73.0,162.0,28.0,26.0,18.0,28.0,18.0,27.0,0.0,0.0,0.0,0.0,3.0,6.4,27.0,28.0,6384.0,22.0,4.0,6.9,23.5,27.0,24.0,,,,,,,,,,247.0,49.3,53.6,11.5,27.0,243.0,4.0,18.0,8.0,24.5,27.41666666666667,28.0,,,,,,,,,,,,,70.6,63.3,6.0,15.0,1.0,2.0,3.0,7.0,4.0,1.0,2.0,3.0,4.0,2.0,17.0,12.0,22.5,15.5,24.5,28.0,22.88125,28.0,20.95,27.0,24.8125,26.0,27.0,1.0,0.0,0.6296296296296297,26.0,,,,,32.0,6.4,3.3,20.0,28.0,0.0,2.0,15.0,22.0,28.0,79.0,44.0,2.0,1.0,1.0,1.0,25.5,3.5,1700.0,915.0,2.0,1.0,5.1,6.8,28.0,26.5,26.25,28.0,0.0,0.0,205.0,436.0,28.0,-231.0,28.0,28.0,501.0,453.0,5.0,10.5,0.6215909090909091,0.4392523364485981,28.0,1.0,1.904109589041096,5.0,17.0,3.4,5.7,26.0,24.0,26.0,24.0,21.0,0.7727272727272727,0.52,26.0,3.0,0.6807673389080177,0.537159302522431,28.0,5.0,2768.0,3173.0,18.0,22.0,98.0,807.0,729.0,7.0,14.0,92.0,6.0,12.5,0.0782608695652174,0.07909604519774012,19.0,23.0,,,,,880.0,1070.0,28.0,28.0,83.0,2.0,0.0,14.5,23.0,48.0,24.0,3458.0,2382.0,2.0,5.0,60.0,2.0,8.5,0.0,1.0,23.0,19.0,221.0,541.0,26.0,25.0,,,,,31.0,26.0,53.7,82.4,23.0,27.0,3108.0,20.0,0.5251798561151079,24.0,0.3784090909090909,0.5607476635514019,1.0,28.0,0.2272727272727273,0.48,3.0,26.0,0.31923266109198234,0.462840697477569,1.0,24.0,333.0,600.0,28.0,28.0,5.0,24.0,28.0,27.0,1298.0,2734.0,28.0,28.0,15.050505050505052,20.0,0.0,0.0,14.5,14.5,1.0,2.0,46.0,8.4,3.6,28.0,18.0,340.0,118.0,28.0,18.0,17.0,28.0,19.0,17.0,30.0,19.5,27.0,12.0,19.0,13.5,27.0,49.0,0.0,0.0,14.5,14.5,27.0,25.5,-22.0,28.0,28.0,23.61983471074381,28.0,,,,4066.0,5907.0,28.0,28.0,100.0,94.4,12.0,6.0,23.0,54.0,28.0,28.0,23.0,51.0,28.0,28.0,6.2,7.3,22.5,26.5,3.9,4.6,27.0,19.0,12.6,13.5,23.0,14.0,21.5,20.8,23.0,1.0,7.1,11.3,23.0,22.0,4.6,5.5,28.0,23.5,41.7,39.7,18.0,3.0,,,,,-1841.0,28.0,1.58974358974359,1.5869565217391306,23.0,24.0
1988.0,,,,,257.0,312.0,19.0,26.0,136.0,168.0,15.0,24.0,106.0,124.0,19.5,19.5,15.0,20.0,8.5,27.5,0.0,0.0,0.0,0.0,3.8,4.9,11.5,24.0,6421.0,24.0,4.8,5.6,10.0,23.5,27.0,,,,,,,,,,250.0,52.0,55.8,20.5,21.0,281.0,17.5,18.0,18.0,10.5,18.416666666666668,19.5,,,,,,,,,,,,,63.3,72.2,16.0,22.0,1.0,4.0,9.0,12.0,4.0,1.0,3.0,6.0,8.0,1.0,18.0,14.0,16.5,24.0,15.583333333333336,18.0,18.4375,26.0,19.75,24.0,17.125,20.5,29.0,2.0,1.0,0.6206896551724138,28.0,,,,,19.0,4.0,4.8,4.5,17.0,1.0,2.0,24.0,4.5,14.5,59.0,48.0,4.0,16.5,0.0,0.0,11.0,17.5,1057.0,982.0,5.0,21.0,4.9,6.3,21.0,26.0,21.91666666666667,25.0,0.0,0.0,244.0,315.0,12.0,-71.0,22.0,25.0,481.0,504.0,13.0,19.0,0.5229540918163673,0.5076045627376425,20.0,17.0,1.2830188679245282,17.0,13.0,2.7,3.4,10.0,25.5,17.0,8.0,24.5,0.5416666666666666,0.5483870967741935,16.0,16.0,0.5600174596246179,0.592586085734364,22.0,24.0,2566.0,3373.0,21.0,25.0,67.0,542.0,761.0,10.0,1.0,92.0,9.5,1.0,0.058365758754863814,0.0641025641025641,22.0,23.0,,,,,1002.0,1052.0,19.0,20.0,98.0,0.0,0.0,14.5,8.5,51.0,26.0,3920.0,2891.0,12.0,3.0,73.0,11.0,2.0,0.0,0.0,11.5,17.0,343.0,297.0,10.0,13.0,,,,,42.0,10.5,63.2,69.6,9.5,23.0,2914.0,24.0,0.7794117647058824,12.0,0.4770459081836327,0.4923954372623575,9.0,12.0,0.4583333333333334,0.4516129032258065,13.0,13.0,0.439982540375382,0.407413914265636,7.0,5.0,478.0,518.0,23.0,17.0,11.0,14.0,11.5,20.5,2016.0,2319.0,25.0,14.0,16.0,21.0,0.0,0.0,14.5,14.5,0.0,1.0,43.0,8.2,5.6,22.5,21.0,348.0,211.0,23.0,22.0,30.0,21.5,19.5,30.0,36.0,27.0,12.0,19.0,26.0,25.0,18.5,37.0,0.0,0.0,14.5,14.5,38.0,7.5,1.0,13.0,22.0,19.03030303030303,28.0,,,,4582.0,5692.0,25.0,25.0,92.6,91.2,3.0,26.0,27.0,34.0,9.5,25.5,25.0,31.0,6.5,24.5,6.1,7.1,18.0,25.0,4.2,4.5,26.0,7.5,11.7,12.8,15.5,23.5,17.9,20.5,18.0,25.0,8.2,5.8,2.0,15.5,4.6,5.4,26.0,25.0,40.0,39.6,11.0,17.0,,,,,-1110.0,27.0,1.4523809523809523,1.5777777777777775,22.0,27.0
1989.0,,,,,261.0,336.0,26.5,25.0,173.0,163.0,10.0,13.0,75.0,156.0,28.0,28.0,13.0,17.0,7.5,27.0,0.0,0.0,0.0,0.0,5.3,6.5,24.0,12.0,6931.0,17.0,6.4,7.4,23.5,11.0,30.0,,,,,,,,,,312.0,54.0,59.3,23.0,18.5,259.0,7.5,7.0,6.0,26.0,25.91666666666667,28.0,,,,,,,,,,,,,71.9,86.1,27.0,16.0,1.0,8.0,10.0,11.0,2.0,1.0,8.0,8.0,4.0,2.0,11.0,12.0,22.0,3.5,22.5,28.0,16.225,19.0,9.95,9.0,22.5,24.0,26.0,1.0,4.0,0.4230769230769231,5.5,,,,,12.0,2.1,4.6,7.0,1.0,0.0,0.0,20.0,18.0,2.0,80.0,60.0,14.5,2.0,0.0,0.0,11.0,19.0,1509.0,1188.0,13.0,4.0,5.6,7.6,27.5,21.0,19.25,22.0,0.0,0.0,279.0,437.0,28.0,-158.0,26.5,22.0,578.0,437.0,1.0,5.0,0.6642027455121436,0.45,28.0,1.0,2.3066666666666658,1.0,17.0,2.9,4.3,17.5,22.5,19.0,11.5,20.0,0.6071428571428571,0.4222222222222222,28.0,14.0,0.7526236881559221,0.5898755186721991,27.0,2.0,3514.0,3554.0,19.0,9.0,82.0,671.0,682.0,4.0,6.0,79.0,2.0,4.0,0.049808429118773936,0.050595238095238096,26.0,26.0,,,,,947.0,1040.0,19.5,25.0,85.0,1.0,0.0,14.5,18.5,43.0,21.5,3513.0,2341.0,2.0,4.0,56.0,1.5,5.0,1.0,0.0,12.0,3.0,341.0,460.0,26.0,11.0,,,,,32.0,22.0,76.4,82.5,21.0,11.0,3903.0,8.0,0.4335260115606937,28.0,0.3357972544878564,0.55,1.0,28.0,0.3928571428571429,0.5777777777777777,1.0,15.0,0.247376311844078,0.4101244813278009,2.0,27.0,318.0,572.0,28.0,28.0,11.0,26.0,28.0,21.0,1155.0,2471.0,28.0,28.0,15.606060606060606,19.0,0.0,0.0,14.5,14.5,0.0,1.0,51.0,8.1,6.6,19.0,20.0,389.0,183.0,25.5,26.0,31.0,24.0,24.5,32.0,36.0,23.5,11.0,23.0,31.0,27.0,10.5,23.0,0.0,0.0,14.5,14.5,32.0,21.5,9.0,5.5,1.0,20.680440771349865,27.0,,,,4669.0,6025.0,28.0,24.0,100.0,98.0,20.0,6.5,30.0,49.0,25.0,22.5,30.0,48.0,26.0,21.0,6.8,8.6,27.0,18.5,3.6,4.3,24.0,22.5,12.5,14.4,26.5,17.0,18.9,19.8,16.0,16.5,10.7,10.7,25.0,6.0,4.9,5.8,27.5,18.0,41.3,41.8,26.0,8.0,,,,,-1356.0,27.0,1.8888888888888888,2.0,7.0,10.0
1990.0,,,,,273.0,300.0,19.0,17.5,168.0,179.0,25.0,9.0,84.0,79.0,4.0,23.0,21.0,42.0,28.0,10.5,0.0,0.0,0.0,0.0,5.4,6.6,25.0,10.5,6878.0,9.0,6.3,7.4,23.5,12.0,40.0,,,,,,,,,,293.0,55.5,55.3,11.0,14.0,297.0,22.0,9.0,38.0,1.0,15.333333333333336,17.0,,,,,,,,,,,,,66.7,67.9,6.0,23.5,0.0,6.0,9.0,13.0,5.0,0.0,6.0,8.0,6.0,2.0,21.0,18.0,7.0,25.5,13.583333333333336,13.0,15.375,20.0,9.5,8.0,21.25,22.0,40.0,2.0,0.0,0.525,17.0,,,,,18.0,3.4,3.2,19.0,12.5,3.0,2.0,17.0,15.0,14.0,58.0,49.0,7.0,15.5,1.0,0.0,11.5,3.5,1229.0,814.0,4.0,10.0,6.0,6.9,26.0,12.5,16.166666666666668,18.0,1.0,0.0,348.0,365.0,21.0,-17.0,17.0,10.5,528.0,537.0,26.0,8.0,0.5774647887323944,0.5798575788402849,6.0,8.0,2.0,7.0,21.0,4.0,5.8,25.0,15.5,31.0,27.0,12.5,0.65625,0.7380952380952381,2.0,10.0,0.6846686449060336,0.7425047438330171,2.0,8.0,3461.0,3913.0,28.0,6.0,125.0,1004.0,811.0,18.0,27.0,95.0,13.0,27.0,0.07692307692307693,0.14,1.0,7.0,,,,,994.0,983.0,21.0,9.0,70.0,0.0,0.0,14.5,7.0,39.0,16.0,2913.0,2975.0,20.0,12.0,74.0,20.0,13.5,1.0,0.0,11.5,4.5,279.0,314.0,16.0,17.0,,,,,35.0,15.5,76.8,86.2,21.5,11.0,3726.0,4.0,0.5,22.0,0.4225352112676056,0.4201424211597151,23.0,21.0,0.34375,0.26190476190476186,27.0,19.0,0.3153313550939664,0.2574952561669829,27.0,21.0,420.0,413.0,9.5,19.5,11.0,11.0,10.5,19.0,1594.0,1357.0,3.0,21.0,11.898989898989901,6.0,0.0,0.0,14.5,14.5,1.0,1.0,46.0,8.0,5.8,23.0,15.5,265.0,214.0,21.0,14.0,33.0,21.0,21.5,33.0,28.0,14.0,6.0,22.0,19.0,12.5,11.0,39.0,0.0,0.0,14.5,14.5,35.0,6.0,-4.0,19.5,24.5,14.699724517906336,14.0,,,,5055.0,5270.0,19.0,10.0,100.0,95.5,8.0,7.0,40.0,44.0,22.0,9.0,40.0,42.0,22.0,8.5,7.1,7.7,24.5,13.5,3.8,3.3,1.0,22.0,12.7,13.9,26.5,11.0,21.2,16.6,3.0,2.0,8.0,8.1,15.0,16.5,5.1,5.4,20.0,13.5,41.6,40.2,11.0,13.0,,,,,-215.0,17.0,1.868421052631579,2.333333333333333,1.0,6.5
1991.0,,,,,258.0,278.0,10.0,21.0,162.0,157.0,10.0,13.5,82.0,94.0,12.0,22.0,14.0,27.0,25.0,25.0,0.0,0.0,0.0,0.0,5.8,5.9,23.5,9.0,6761.0,8.5,6.5,6.7,22.0,9.5,42.0,,,,,,,,,,260.0,52.1,52.4,3.0,26.0,252.0,5.0,22.0,36.0,1.5,18.33333333333333,22.0,,,,,,,,,,,,,80.8,50.0,1.0,6.0,0.0,12.0,4.0,8.0,2.0,0.0,11.0,4.0,5.0,1.0,14.0,16.0,12.0,12.5,15.416666666666664,16.0,14.3375,17.0,10.3,9.0,18.375,18.5,19.0,4.0,0.0,0.7368421052631579,28.0,,,,,22.0,4.4,4.0,6.0,23.0,1.0,1.0,19.0,8.5,23.0,52.0,67.0,27.0,15.0,1.0,1.0,24.5,4.5,997.0,1419.0,28.0,14.0,6.5,6.5,24.0,6.0,11.5,10.0,0.0,0.0,361.0,338.0,20.0,23.0,12.0,5.0,499.0,481.0,9.0,15.0,0.5638297872340425,0.5225409836065574,22.0,11.0,1.9756097560975607,8.0,30.0,6.0,5.8,27.5,3.0,28.0,28.0,2.5,0.8333333333333334,0.6829268292682927,5.0,1.0,0.6745550557402699,0.627858231707317,21.0,10.0,3449.0,3295.0,20.0,6.0,113.0,929.0,802.0,19.0,26.0,100.0,18.0,24.5,0.05426356589147287,0.0971223021582734,1.0,23.0,,,,,940.0,976.0,15.0,18.5,82.0,0.0,0.0,14.5,8.5,45.0,24.0,3491.0,3184.0,20.0,4.0,79.0,22.0,6.0,0.0,0.0,10.5,18.5,286.0,387.0,21.0,17.0,,,,,35.0,15.0,77.5,79.3,15.0,11.0,3634.0,7.0,0.5061728395061729,21.0,0.4361702127659575,0.4774590163934426,7.0,18.0,0.16666666666666666,0.3170731707317073,24.0,28.0,0.3254449442597301,0.372141768292683,8.0,19.0,410.0,466.0,21.5,18.0,6.0,13.0,16.5,26.5,1664.0,1953.0,23.0,16.0,13.0,9.0,0.0,0.0,14.5,14.5,3.0,0.0,31.0,5.8,5.7,20.0,11.0,185.0,237.0,16.5,10.0,29.0,21.5,11.0,26.0,26.0,6.0,22.5,21.0,13.0,1.0,15.5,36.0,0.0,0.0,14.5,14.5,35.0,10.0,-1.0,15.0,19.5,14.393939393939393,15.0,,,,5113.0,5248.0,24.0,8.0,97.6,95.3,5.5,15.0,41.0,43.0,24.5,5.0,40.0,41.0,24.5,5.5,7.3,7.3,24.0,4.5,4.1,4.2,22.0,9.5,14.0,14.0,27.0,2.0,19.2,21.2,25.0,12.0,8.2,8.6,16.0,15.0,5.4,5.4,25.5,5.5,42.6,40.3,7.5,10.0,,,,,-135.0,15.0,1.7804878048780488,1.738095238095238,13.0,15.0
1992.0,,,,,273.0,304.0,24.0,16.0,194.0,172.0,24.0,2.5,67.0,109.0,19.5,28.0,12.0,23.0,21.5,27.5,0.0,0.0,0.0,0.0,6.2,6.9,28.0,4.5,6921.0,6.0,7.1,7.9,28.0,2.0,39.0,,,,,,,,,,336.0,61.3,63.1,28.0,5.0,277.0,17.5,3.0,6.0,26.0,27.0,28.0,,,,,,,,,,,,,81.8,61.3,2.0,3.0,0.0,6.0,5.0,7.0,4.0,0.0,6.0,4.0,4.0,4.0,14.0,12.0,20.0,14.5,24.08333333333333,28.0,14.2125,16.0,3.8,2.0,24.625,28.0,30.0,1.0,0.0,0.4666666666666667,9.0,,,,,15.0,2.7,2.5,28.0,3.0,0.0,3.0,11.0,28.0,7.5,64.0,55.0,19.5,1.5,2.0,0.0,12.0,1.0,1532.0,1059.0,18.0,1.0,6.2,6.9,27.0,10.0,12.25,11.0,0.0,0.0,327.0,414.0,28.0,-87.0,22.0,11.0,548.0,439.0,2.0,3.0,0.6461538461538462,0.5032119914346895,26.0,1.0,2.8955223880597014,1.0,33.0,6.0,5.5,28.0,1.5,24.0,26.0,1.0,0.9166666666666666,0.5454545454545454,23.0,1.0,0.7409749133183765,0.5865921787709497,26.0,2.0,3633.0,3255.0,22.0,4.0,78.0,656.0,761.0,12.0,6.5,92.0,10.0,2.0,0.04395604395604396,0.0756578947368421,14.0,27.0,,,,,910.0,934.0,8.0,24.0,70.0,1.0,0.0,14.5,21.5,44.0,23.0,2896.0,2532.0,4.0,19.0,61.0,3.0,17.0,0.0,3.0,28.0,20.5,196.0,427.0,25.0,23.0,,,,,29.0,22.0,91.4,95.6,28.0,2.0,3892.0,4.0,0.34536082474226804,28.0,0.3538461538461538,0.4967880085653105,3.0,28.0,0.08333333333333337,0.4545454545454546,6.0,28.0,0.2590250866816235,0.4134078212290503,3.0,27.0,322.0,464.0,20.0,28.0,3.0,20.0,27.0,28.0,1270.0,2294.0,28.0,27.0,12.828282828282829,7.0,0.0,0.0,14.5,14.5,0.0,0.0,40.0,6.8,6.6,21.5,11.0,259.0,241.0,20.0,11.0,31.0,23.5,14.0,22.0,31.0,21.5,25.0,18.0,19.0,11.5,19.0,29.0,0.0,0.0,14.5,14.5,23.0,27.0,-6.0,23.0,10.0,17.771349862258955,22.0,,,,4903.0,5549.0,28.0,10.0,100.0,100.0,21.5,9.5,39.0,51.0,28.0,7.5,39.0,51.0,28.0,7.5,7.1,8.0,27.0,12.0,3.9,4.9,28.0,16.5,11.6,12.6,22.0,19.0,23.9,19.3,13.5,1.0,6.8,9.7,19.0,24.0,5.4,5.9,28.0,6.0,41.4,41.5,10.5,20.0,,,,,-646.0,22.5,1.8205128205128205,1.6326530612244896,19.0,9.0
1993.0,,,,,292.0,278.0,9.5,15.5,185.0,180.0,22.0,5.0,91.0,79.0,3.0,22.5,16.0,19.0,15.5,20.5,0.0,0.0,0.0,0.0,4.8,6.8,28.0,16.5,6964.0,5.0,5.6,7.4,27.5,16.0,34.0,,,,,,,,,,334.0,58.3,61.0,25.0,15.0,308.0,18.0,5.0,6.0,24.5,22.66666666666667,26.0,,,,,,,,,,,,,96.3,64.5,3.0,1.0,1.0,7.0,10.0,7.0,2.0,1.0,7.0,9.0,7.0,2.0,17.0,11.0,21.0,22.0,23.08333333333333,26.0,16.05,20.0,9.35,8.0,22.75,26.0,31.0,1.0,3.0,0.5483870967741935,20.0,,,,,25.0,4.4,2.6,19.5,25.0,0.0,2.0,13.0,20.5,27.0,55.0,55.0,20.0,8.5,1.0,0.0,12.5,2.5,1300.0,1064.0,20.0,3.0,5.7,6.8,27.5,13.5,15.083333333333336,14.0,0.0,0.0,316.0,385.0,28.0,-69.0,23.0,12.0,573.0,505.0,14.0,4.0,0.6081349206349206,0.5594111461619348,13.0,3.0,2.0329670329670333,5.0,28.0,4.9,5.3,28.0,2.5,27.0,28.0,2.0,0.875,0.6585365853658537,12.0,1.0,0.6888454011741683,0.6709094263051097,8.0,6.0,3520.0,3637.0,25.0,6.0,111.0,838.0,874.0,25.0,23.0,100.0,19.5,23.0,0.0547945205479452,0.0683453237410072,12.0,22.0,,,,,1008.0,951.0,4.0,13.5,72.0,0.0,0.0,14.5,11.0,41.0,17.5,3114.0,3027.0,7.0,19.0,74.0,10.5,21.5,0.0,0.0,9.5,19.0,276.0,350.0,16.5,23.0,,,,,35.0,17.5,76.3,91.2,28.0,14.0,3787.0,6.0,0.4918918918918919,24.0,0.3918650793650794,0.4405888538380652,16.0,26.0,0.125,0.3414634146341463,17.0,28.0,0.3111545988258317,0.32909057369489025,21.0,23.0,395.0,419.0,8.0,27.0,4.0,14.0,22.0,26.5,1590.0,1784.0,15.0,23.0,8.898989898989898,1.0,0.0,0.0,14.5,14.5,0.0,2.0,40.0,6.5,5.1,25.0,13.5,267.0,149.0,26.0,20.0,27.0,26.0,17.5,27.0,31.0,14.0,22.0,26.0,20.0,6.0,12.0,42.0,0.0,0.0,14.5,14.5,24.0,22.0,-18.0,28.0,27.0,16.15426997245179,22.0,,,,5110.0,5421.0,25.0,11.0,100.0,97.8,16.0,7.0,34.0,46.0,28.0,12.0,34.0,45.0,28.0,11.0,6.6,7.5,27.0,15.5,4.0,4.3,24.0,11.5,11.3,12.3,21.5,18.0,23.6,19.3,11.0,2.0,7.9,8.5,10.5,21.0,5.1,5.7,28.0,8.0,43.3,40.9,4.0,10.5,,,,,-311.0,21.0,1.65,1.744186046511628,14.0,18.0
1994.0,,,,,302.0,330.0,25.0,13.0,218.0,201.0,27.0,3.0,63.0,107.0,23.0,28.0,21.0,22.0,13.5,21.5,4.0,0.0,3.0,1.0,5.2,6.0,22.0,16.0,7430.0,9.0,5.9,6.7,20.5,17.0,36.0,,,,,,,,,,374.0,59.5,62.8,24.0,10.5,364.0,26.0,6.0,18.0,10.5,22.41666666666667,25.5,,,,,,,,,,,,,84.0,78.8,12.0,7.5,0.0,9.0,7.0,4.0,5.0,0.0,9.0,7.0,4.0,1.0,11.0,11.0,20.0,11.5,16.75,16.0,15.88125,18.0,9.2,8.0,22.5625,25.0,28.0,1.0,1.0,0.3928571428571429,6.5,,,,,25.0,4.0,3.8,7.0,25.0,2.0,1.0,22.0,5.0,26.0,75.0,66.0,17.5,3.5,0.0,0.0,8.5,20.0,1627.0,1328.0,9.0,6.0,6.2,6.8,26.0,7.0,12.833333333333336,12.0,0.0,0.0,317.0,385.0,24.0,-68.0,23.0,15.0,629.0,580.0,23.0,3.0,0.6686746987951807,0.5895953757225434,6.0,1.0,3.4603174603174605,1.0,25.0,4.0,4.5,22.5,11.0,26.0,25.5,5.0,0.7575757575757576,0.6190476190476191,18.0,5.0,0.7670210781570602,0.7095556699262309,6.0,2.0,4112.0,4136.0,27.0,5.0,119.0,934.0,853.0,18.0,22.0,111.0,21.0,23.5,0.0695364238410596,0.06666666666666668,19.5,21.0,,,,,996.0,1038.0,19.0,17.0,79.0,0.0,0.0,14.5,12.5,31.0,4.0,3121.0,2660.0,2.0,18.0,62.0,2.5,13.0,0.0,0.0,9.0,20.5,188.0,273.0,10.0,27.0,,,,,31.0,24.0,77.1,84.9,21.5,16.0,4344.0,6.0,0.2889908256880734,28.0,0.3313253012048193,0.4104046242774566,23.0,28.0,0.2424242424242425,0.3809523809523809,11.0,24.0,0.2329789218429397,0.29044433007376913,23.0,27.0,330.0,426.0,9.0,28.0,8.0,16.0,24.0,23.0,1249.0,1693.0,14.0,28.0,16.424242424242426,19.0,0.0,0.0,14.5,14.5,0.0,1.0,37.0,5.6,5.2,18.0,14.0,232.0,229.0,13.0,15.0,32.0,14.0,19.0,25.0,33.0,21.5,21.5,21.0,26.0,19.5,18.0,36.0,0.0,0.0,14.5,14.5,33.0,8.5,-3.0,18.5,24.0,17.297520661157026,21.0,,,,5361.0,5829.0,27.0,7.0,100.0,97.5,10.0,10.5,32.0,40.0,24.5,13.0,32.0,39.0,24.0,12.5,6.9,7.5,26.0,12.0,3.8,4.0,24.0,11.0,11.6,12.0,20.5,16.0,21.7,20.1,7.5,11.0,6.1,8.8,15.5,26.0,5.4,5.6,27.0,4.5,39.5,42.9,22.0,26.0,,,,,-468.0,22.0,1.8157894736842104,1.875,11.0,16.0
1995.0,,,,,317.0,340.0,27.0,11.5,216.0,230.0,30.0,6.0,85.0,96.0,11.0,22.0,16.0,14.0,2.5,28.5,8.0,0.0,3.0,0.0,6.4,6.3,25.0,6.5,7729.0,9.0,7.4,6.9,25.5,5.5,38.0,,,,,,,,,,364.0,60.4,62.3,27.5,8.0,405.0,30.0,6.0,18.0,16.0,21.5,24.0,,,,,,,,,,,,,82.5,77.3,14.0,5.0,1.0,8.0,11.0,11.0,9.0,1.0,8.0,11.0,5.0,8.0,9.0,12.0,20.5,2.5,18.70833333333333,21.0,13.55625,14.0,6.05,5.0,21.0625,22.0,21.0,0.0,1.0,0.42857142857142855,5.0,,,,,12.0,2.0,2.8,19.0,4.0,2.0,2.0,18.0,11.0,5.5,70.0,59.0,5.5,15.5,0.0,0.0,12.5,19.0,1506.0,1323.0,8.0,12.0,6.5,6.7,27.5,7.5,8.666666666666666,6.0,1.0,0.0,362.0,349.0,19.0,13.0,15.0,11.0,603.0,650.0,30.0,6.0,0.6571719226856562,0.6273062730627307,4.0,1.0,2.541176470588235,5.0,26.0,4.3,4.3,20.5,13.5,28.0,25.5,10.5,0.7647058823529411,0.7,11.0,8.0,0.7503136762860728,0.7458935611038108,3.0,3.0,4186.0,4541.0,30.0,6.0,96.0,737.0,688.0,4.0,10.0,94.0,7.0,11.0,0.050473186119873815,0.041176470588235294,30.0,29.0,,,,,983.0,1084.0,28.5,26.0,67.0,0.0,0.0,15.5,11.0,28.0,8.5,2759.0,3031.0,16.0,22.0,70.0,15.0,20.5,1.0,0.0,11.0,5.5,383.0,184.0,4.0,9.5,,,,,39.0,9.0,89.3,87.3,25.0,8.0,4456.0,5.0,0.39351851851851855,26.0,0.34282807731434384,0.3726937269372693,27.0,30.0,0.2352941176470589,0.30000000000000004,20.0,23.0,0.2496863237139272,0.2541064388961892,28.0,28.0,337.0,404.0,6.5,30.0,8.0,12.0,12.0,25.0,1393.0,1547.0,9.0,27.0,13.797979797979801,10.0,0.0,0.0,15.5,15.5,0.0,1.0,43.0,6.7,4.4,28.0,22.0,270.0,210.0,20.0,22.0,30.0,21.5,21.5,40.0,22.0,4.0,2.5,33.0,17.0,3.0,2.0,21.0,0.0,0.0,15.5,15.5,30.0,16.0,9.0,4.0,2.0,14.732782369146006,13.0,,,,5579.0,6088.0,29.0,10.0,96.7,100.0,22.5,23.0,30.0,38.0,21.5,21.0,29.0,38.0,21.5,21.0,7.4,7.3,25.0,6.0,4.1,3.8,10.5,10.0,12.2,11.7,17.0,8.5,21.5,22.4,20.0,14.5,9.8,6.6,3.0,15.0,5.7,5.6,28.0,3.5,41.2,43.3,25.5,19.5,,,,,-509.0,23.0,1.804878048780488,1.921052631578948,3.0,12.0
1996.0,,,,,292.0,309.0,20.5,19.5,202.0,182.0,20.0,5.0,67.0,102.0,16.5,30.0,23.0,25.0,15.0,16.0,3.0,0.0,1.0,1.0,4.4,7.7,30.0,26.0,7500.0,7.0,5.1,8.7,30.0,25.5,35.0,,,,,,,,,,356.0,59.3,62.3,28.0,9.0,302.0,11.5,3.0,0.0,29.5,27.25,30.0,,,,,,,,,,,,,75.9,95.5,30.0,23.5,0.0,5.0,11.0,8.0,5.0,0.0,5.0,9.0,7.0,1.0,11.0,17.0,2.5,9.0,23.25,28.0,16.38125,21.0,11.45,12.0,21.3125,22.0,23.0,0.0,0.0,0.4782608695652174,10.0,,,,,30.0,5.0,1.2,30.0,29.5,0.0,2.0,6.0,30.0,29.5,87.0,53.0,7.5,1.0,0.0,1.0,26.0,19.5,1825.0,1314.0,12.5,2.0,5.7,7.2,30.0,17.5,17.75,18.5,0.0,0.0,309.0,461.0,30.0,-152.0,29.0,19.0,600.0,485.0,4.0,4.0,0.6611740473738414,0.5241448692152918,26.0,1.0,3.014925373134328,2.0,26.0,4.3,5.4,27.5,11.0,26.0,25.0,5.5,0.7428571428571429,0.5909090909090909,21.0,7.0,0.7144253322908523,0.6472519875561701,21.0,3.0,3655.0,3745.0,27.0,9.0,111.0,961.0,816.0,14.0,25.0,106.0,19.0,21.5,0.07876712328767123,0.08090614886731391,17.0,18.0,,,,,971.0,994.0,11.0,28.0,75.0,0.0,0.0,15.5,10.5,32.0,6.5,3152.0,2694.0,1.0,18.0,64.0,2.0,16.5,0.0,1.0,24.0,20.0,315.0,413.0,18.5,19.0,,,,,31.0,25.0,72.3,100.6,30.0,21.5,3909.0,8.0,0.3316831683168317,29.0,0.33882595262615856,0.4758551307847082,5.0,30.0,0.2571428571428571,0.40909090909090906,10.0,24.0,0.2855746677091477,0.3527480124438299,10.0,28.0,329.0,473.0,20.0,30.0,9.0,18.0,26.0,21.0,1461.0,2041.0,26.0,27.0,20.16161616161616,26.0,0.0,0.0,15.5,15.5,0.0,1.0,42.0,6.5,6.9,10.0,15.0,254.0,208.0,18.0,21.0,36.0,14.0,21.5,29.0,44.0,30.0,18.0,22.0,42.0,30.0,20.5,41.0,0.0,0.0,15.5,15.5,23.0,26.5,-18.0,29.0,28.0,21.862258953168038,30.0,,,,5116.0,5786.0,29.0,17.0,100.0,100.0,21.0,10.5,31.0,43.0,27.5,18.5,31.0,43.0,28.0,17.5,6.5,8.2,30.0,18.5,4.4,4.3,27.5,5.5,11.0,13.1,29.0,22.0,21.0,24.8,25.5,23.0,10.2,12.9,28.0,13.0,5.3,5.8,30.0,5.5,42.0,42.1,10.5,21.5,,,,,-670.0,26.0,1.4772727272727268,1.9069767441860463,6.0,26.0
1997.0,,,,,281.0,274.0,6.0,21.0,168.0,180.0,21.5,19.0,88.0,76.0,2.0,20.5,25.0,18.0,6.5,11.0,1.0,0.0,0.0,4.0,5.8,5.6,19.0,9.0,6753.0,25.0,7.2,7.0,27.0,6.5,36.0,,,,,,,,,,273.0,56.4,55.4,14.5,15.0,275.0,9.0,24.0,0.0,30.0,17.833333333333332,19.0,,,,,,,,,,,,,85.2,70.0,5.0,7.5,1.0,10.0,7.0,6.0,3.0,1.0,10.0,7.0,3.0,2.0,13.0,10.0,25.5,17.0,17.583333333333332,19.5,16.5625,22.0,12.25,13.0,20.875,22.0,34.0,0.0,2.0,0.38235294117647056,6.0,,,,,11.0,2.3,3.6,6.5,9.0,0.0,1.0,18.0,9.0,7.0,51.0,52.0,6.5,27.0,2.0,0.0,9.5,1.5,1198.0,1167.0,8.0,25.0,5.7,6.2,25.0,14.5,18.58333333333333,20.0,0.0,0.0,320.0,361.0,21.0,-41.0,19.0,18.0,484.0,496.0,8.0,24.0,0.5489795918367347,0.5739583333333333,9.0,20.0,1.9090909090909087,11.0,26.0,5.4,4.8,24.5,4.0,24.0,23.0,6.0,0.7647058823529411,0.5714285714285714,21.0,4.0,0.6516115351993215,0.6737171954563259,6.0,15.0,3073.0,3440.0,20.0,22.0,101.0,773.0,872.0,19.0,7.0,115.0,26.0,15.0,0.08896797153024913,0.06569343065693431,23.0,10.0,,,,,980.0,960.0,6.0,26.0,89.0,0.0,0.0,15.5,9.0,21.0,1.0,3498.0,3834.0,24.0,17.0,90.0,22.5,8.0,0.0,0.0,10.0,20.5,483.0,55.0,1.0,9.0,,,,,52.0,3.0,87.2,81.2,20.0,8.0,3445.0,21.0,0.5238095238095238,20.0,0.4510204081632653,0.42604166666666665,22.0,11.0,0.2352941176470589,0.4285714285714286,10.0,27.0,0.3483884648006785,0.3262828045436741,25.0,16.0,442.0,409.0,4.0,18.0,8.0,18.0,28.0,26.0,1643.0,1666.0,8.0,19.0,13.686868686868687,13.0,0.0,0.0,15.5,15.5,0.0,1.0,54.0,10.0,10.0,2.0,28.0,372.0,354.0,4.0,26.0,55.0,2.0,26.0,27.0,20.0,2.5,21.5,23.0,14.0,1.5,17.5,24.0,0.0,0.0,15.5,15.5,28.0,15.5,4.0,11.0,13.5,16.975206611570247,20.0,,,,4716.0,5106.0,20.0,23.0,100.0,100.0,20.5,11.0,35.0,39.0,25.0,14.0,35.0,39.0,25.0,12.5,7.1,7.6,30.0,7.5,3.7,4.1,19.5,21.5,12.6,13.8,30.0,7.5,23.5,22.4,16.0,6.0,9.3,2.6,1.0,17.0,4.8,5.3,27.0,17.5,39.3,42.6,17.0,30.0,,,,,-390.0,23.0,1.9189189189189184,1.8536585365853653,8.0,6.0
1998.0,163.0,159.0,3.0,27.0,319.0,267.0,7.0,6.5,175.0,172.0,20.0,12.0,111.0,65.0,1.0,7.0,33.0,30.0,24.5,3.5,1.0,0.0,1.0,2.0,6.9,5.3,17.0,5.5,7426.0,7.0,8.6,6.2,14.5,1.5,53.0,168.0,148.0,2.0,8.2,1.0,34.4,26.2,2.0,1.0,237.0,55.9,56.4,14.0,22.0,311.0,22.0,29.0,38.0,3.0,7.0,2.0,,,,,,,,,,,,,82.1,75.0,6.5,11.0,1.0,9.0,7.0,9.0,2.0,0.0,8.0,7.0,6.0,2.0,9.0,25.0,1.0,10.0,9.833333333333334,3.0,9.0375,7.0,10.95,11.0,7.125,6.0,24.0,4.0,3.0,0.375,5.0,7.7971074380165275,3.0,6.4,4.0,15.0,3.5,3.4,13.5,20.0,2.0,2.0,19.0,12.0,12.5,46.0,69.0,23.0,30.0,1.0,1.0,22.5,9.5,1157.0,1613.0,24.0,27.0,7.1,6.0,20.0,2.0,6.666666666666668,4.0,0.0,0.0,442.0,289.0,4.0,153.0,3.0,4.0,424.0,551.0,23.0,30.0,0.4803625377643505,0.62,2.0,29.0,1.576576576576577,19.0,28.0,6.6,4.0,12.5,3.0,22.0,15.5,6.5,0.6086956521739131,0.7586206896551724,4.0,20.0,0.6170949517040277,0.7458808618504436,1.0,22.0,3386.0,3531.0,21.0,11.0,116.0,841.0,858.0,11.0,8.0,118.0,21.0,17.5,0.10344827586206896,0.11235955056179776,5.0,10.0,5.3,5.5,18.5,20.0,993.0,950.0,3.5,20.0,74.0,0.0,0.0,15.5,11.5,20.0,1.5,2963.0,3424.0,13.0,25.0,80.0,15.0,22.5,0.0,0.0,7.5,21.0,304.0,112.0,2.0,21.0,2.09,1.56,12.0,4.0,40.0,15.0,92.7,76.8,12.0,5.0,3744.0,8.0,0.6342857142857142,12.0,0.5196374622356495,0.38,29.0,2.0,0.3913043478260869,0.2413793103448276,27.0,11.0,0.3829050482959723,0.25411913814955644,30.0,9.0,516.0,361.0,2.0,4.0,18.0,7.0,2.5,6.5,2101.0,1203.0,2.0,6.0,15.48989898989899,14.5,36.8,27.7,10.5,5.0,1.0,1.0,53.0,11.1,6.5,21.5,29.0,358.0,275.0,10.0,26.0,38.0,19.0,24.0,28.0,20.0,3.5,15.0,23.0,15.0,2.0,14.0,24.0,13.5,25.8,1.0,12.5,44.0,1.0,20.0,1.0,9.5,9.194214876033056,2.0,27384.0,23532.0,20.0,5487.0,4734.0,8.0,7.0,98.1,90.3,1.0,19.0,52.0,31.0,12.5,3.0,51.0,28.0,5.0,3.0,8.8,6.9,20.5,1.0,4.1,3.3,2.0,11.0,15.8,12.2,17.5,1.0,25.2,23.4,21.0,2.0,7.6,5.6,2.0,25.0,5.5,5.0,15.5,4.5,40.0,42.8,14.5,30.0,28.5,28.1,21.0,8.0,753.0,7.0,2.1463414634146347,2.0909090909090917,4.0,2.0
1999.0,184.0,185.0,2.5,29.5,273.0,293.0,15.0,23.0,179.0,149.0,5.0,14.0,68.0,111.0,27.0,28.0,26.0,33.0,30.5,11.0,0.0,0.0,0.0,1.0,5.3,5.9,26.0,14.0,6715.0,25.0,6.4,7.0,28.0,11.0,34.0,150.0,163.0,13.0,-1.5,21.0,30.2,31.7,19.5,22.0,278.0,54.6,58.5,21.5,27.0,274.0,5.0,26.0,8.0,26.5,23.5,27.0,,,,,,,,,,,,,71.4,74.3,9.0,21.5,1.0,5.0,8.0,6.0,1.0,1.0,5.0,5.0,4.0,0.0,16.0,6.0,30.5,25.0,21.54166666666667,27.0,20.95,26.0,15.15,18.0,26.75,31.0,24.0,0.0,0.0,0.6666666666666666,27.0,23.9198347107438,29.0,26.6,29.0,19.0,3.7,2.6,24.0,23.5,1.0,3.0,12.0,27.5,20.5,76.0,55.0,4.0,5.0,0.0,2.0,30.0,21.0,1445.0,1221.0,8.0,14.5,6.0,6.2,26.0,13.5,23.25,26.0,0.0,0.0,285.0,380.0,25.0,-95.0,26.0,23.0,509.0,468.0,2.0,25.0,0.5993555316863588,0.5105527638190954,29.0,8.0,2.6323529411764706,4.0,22.0,4.3,4.3,22.5,11.0,20.0,13.5,12.5,0.7096774193548387,0.5263157894736842,29.0,11.0,0.7366798767062968,0.6032931265556194,28.0,3.0,3346.0,3151.0,9.0,17.0,110.0,968.0,980.0,22.0,24.0,126.0,28.0,18.0,0.09523809523809523,0.11262798634812285,3.0,10.0,5.2,5.6,27.0,23.0,931.0,995.0,13.0,30.0,80.0,0.0,0.0,16.0,12.5,26.0,4.0,3163.0,2873.0,4.0,22.0,72.0,6.0,21.5,2.0,0.0,9.5,2.0,372.0,119.0,1.0,17.0,1.42,1.86,27.0,19.5,32.0,24.5,76.7,84.8,25.0,15.0,3691.0,14.0,0.37988826815642457,28.0,0.4006444683136412,0.4894472361809046,3.0,24.0,0.29032258064516125,0.4736842105263158,3.0,21.0,0.26332012329370325,0.3967068734443806,4.0,29.0,373.0,487.0,28.0,28.0,9.0,18.0,29.0,22.0,1196.0,2072.0,29.0,30.0,15.545454545454545,15.0,25.0,34.6,28.0,25.0,1.0,1.0,49.0,8.8,7.9,7.0,26.0,345.0,258.0,16.0,28.0,40.0,15.0,24.5,21.0,35.0,23.0,30.0,15.0,26.0,21.5,30.0,35.0,17.4,9.7,29.5,26.0,18.0,31.0,-17.0,31.0,24.0,21.2396694214876,29.0,27600.0,30155.0,27.0,4542.0,5223.0,16.0,27.0,100.0,100.0,21.5,10.5,34.0,40.0,25.0,12.0,34.0,40.0,25.5,12.0,7.3,7.3,28.0,8.5,3.2,4.3,28.0,29.0,13.3,12.4,25.5,3.0,19.0,22.2,22.0,26.5,11.6,4.6,1.0,4.5,4.9,5.2,21.0,19.0,39.5,39.9,4.0,26.0,24.6,28.1,24.5,20.0,-681.0,28.0,2.28125,1.6976744186046513,18.0,1.0
2000.0,183.0,184.0,8.5,24.0,256.0,308.0,19.0,25.0,156.0,175.0,15.5,21.5,65.0,113.0,27.0,28.0,35.0,20.0,8.5,3.0,2.0,0.0,1.0,6.0,3.8,6.2,25.0,27.5,6614.0,24.0,5.0,6.9,23.5,23.5,25.0,154.0,159.0,15.5,1.9000000000000021,8.0,32.2,30.3,10.0,10.0,285.0,55.4,59.4,21.0,25.0,306.0,13.0,23.0,8.0,20.5,24.25,26.0,-167.37,-87.0,-56.67,23.0,28.0,-72.04,13.19,22.0,27.0,-41.43,24.0,28.0,80.6,93.5,31.0,15.0,0.0,6.0,7.0,15.0,3.0,0.0,6.0,6.0,11.0,2.0,14.0,10.0,23.0,22.0,20.916666666666668,24.0,24.59375,30.0,21.5,26.0,27.6875,28.0,27.0,0.0,1.0,0.5185185185185185,16.5,22.469146005509643,26.0,22.2,24.0,20.0,3.9,2.9,20.5,24.0,1.0,3.0,15.0,21.5,24.0,83.0,50.0,4.0,3.5,3.0,3.0,31.0,1.0,1890.0,1230.0,7.0,3.0,4.8,6.6,29.5,28.5,26.66666666666667,29.0,0.0,0.0,252.0,413.0,26.0,-161.0,27.0,27.0,514.0,515.0,10.0,18.0,0.6216216216216216,0.5465465465465466,21.0,5.0,2.4,4.0,14.0,2.7,4.5,22.0,27.5,23.0,19.5,26.0,0.7,0.5897435897435898,18.0,7.0,0.6960440660991487,0.6463349384697701,19.0,9.0,2780.0,3624.0,24.0,24.0,97.0,720.0,1010.0,29.0,8.0,122.0,30.0,14.0,0.13671875,0.06493506493506493,25.0,1.0,5.2,5.6,20.5,25.5,925.0,999.0,13.0,30.0,85.0,1.0,0.0,16.0,24.5,29.0,8.5,3488.0,2933.0,9.0,14.0,70.0,8.5,12.5,1.0,0.0,10.5,8.0,348.0,126.0,1.0,15.0,1.17,1.96,25.0,26.0,37.0,16.0,66.8,84.8,20.0,26.0,3166.0,22.0,0.4166666666666667,28.0,0.3783783783783784,0.4534534534534535,11.0,27.0,0.30000000000000004,0.41025641025641024,14.0,25.0,0.3039559339008513,0.35366506153023003,13.0,23.0,350.0,453.0,21.5,29.0,6.0,16.0,24.0,30.0,1214.0,1983.0,27.0,28.0,15.484848484848484,18.0,24.6,37.0,25.0,26.0,1.0,0.0,61.0,10.6,5.7,23.0,30.0,386.0,142.0,30.0,31.0,31.0,23.5,30.0,31.0,31.0,17.0,14.5,25.0,29.0,26.5,13.5,34.0,16.9,12.5,20.5,25.0,25.0,21.5,-9.0,24.0,23.0,22.738292011019286,29.0,28182.0,29256.0,23.0,3994.0,5607.0,25.0,30.0,100.0,100.0,19.5,12.5,23.0,38.0,20.5,27.0,23.0,38.0,20.5,27.0,6.2,7.3,26.5,22.5,3.5,4.4,24.5,26.5,11.1,12.3,25.0,21.0,22.8,24.6,30.0,9.5,9.4,4.3,1.0,17.0,4.3,5.6,27.0,29.5,41.0,41.9,19.0,18.0,21.7,30.5,26.0,28.0,-1613.0,29.0,1.7714285714285716,1.6590909090909092,16.0,10.0
2001.0,188.0,180.0,4.0,18.0,280.0,298.0,21.0,21.0,165.0,184.0,24.0,20.0,85.0,95.0,17.0,23.5,30.0,19.0,8.5,3.0,1.0,0.0,1.0,0.0,5.3,6.7,30.0,12.5,7524.0,5.0,6.8,7.6,30.0,6.5,29.0,162.0,155.0,5.5,1.3999999999999986,12.0,31.5,30.1,10.0,17.0,278.0,57.3,64.3,30.0,22.0,331.0,25.0,25.0,0.0,31.0,25.16666666666667,27.0,-52.48,-14.85,-90.99,29.0,19.0,-32.0,9.05,26.0,12.0,-71.54,29.0,17.0,78.4,79.2,20.0,17.0,1.0,8.0,15.0,9.0,4.0,1.0,8.0,14.0,4.0,2.0,11.0,12.0,16.5,11.5,21.0,25.0,16.55,21.0,14.6,17.0,18.5,20.0,27.0,0.0,1.0,0.4074074074074074,11.0,17.980303030303027,20.0,16.9,18.0,17.0,3.5,3.5,12.0,17.0,0.0,3.0,18.0,13.0,15.5,70.0,64.0,15.0,9.0,1.0,0.0,11.5,5.5,1598.0,1286.0,12.0,8.0,6.0,7.1,31.0,12.0,17.083333333333332,17.0,0.0,0.0,291.0,377.0,24.0,-86.0,26.0,23.0,485.0,515.0,13.5,23.0,0.555668016194332,0.5768025078369906,11.0,18.0,1.9411764705882355,14.0,19.0,3.9,5.6,28.0,13.5,29.0,28.0,15.5,0.6785714285714286,0.6904761904761905,9.0,8.0,0.652465483234714,0.6675791274593671,12.0,18.0,3308.0,3902.0,30.0,17.0,90.0,754.0,852.0,24.0,15.0,97.0,20.5,13.0,0.10714285714285714,0.06375838926174497,23.0,3.0,5.5,5.5,20.0,13.0,988.0,957.0,5.5,19.0,69.0,0.0,0.0,16.0,12.0,17.0,1.5,2680.0,3074.0,9.0,29.0,71.0,4.0,27.5,0.0,0.0,10.0,21.5,463.0,130.0,2.0,6.0,1.51,1.95,26.0,18.5,34.0,19.5,80.0,93.3,30.0,13.0,3695.0,12.0,0.5151515151515151,18.0,0.444331983805668,0.4231974921630094,21.0,14.0,0.3214285714285714,0.30952380952380953,23.0,24.0,0.347534516765286,0.332420872540633,20.0,14.0,439.0,405.0,5.5,16.0,9.0,13.0,20.5,24.0,1762.0,1943.0,21.0,16.0,13.555555555555555,9.0,30.3,33.9,25.0,13.0,0.0,0.0,64.0,11.7,6.7,20.0,31.0,387.0,230.0,18.5,30.0,37.0,19.5,30.0,37.0,24.0,3.0,3.0,29.0,19.0,5.0,5.0,28.0,14.4,15.0,13.0,16.5,30.0,14.5,2.0,13.5,14.5,19.06060606060606,25.0,30456.0,27900.0,5.0,5070.0,5845.0,30.0,15.0,100.0,100.0,22.5,8.0,28.0,44.0,27.0,23.5,28.0,44.0,27.5,23.0,7.6,8.0,30.0,3.5,4.0,4.8,30.5,17.0,13.3,12.5,27.5,1.0,22.8,20.1,8.0,10.0,13.6,7.6,6.0,1.0,5.1,6.1,31.0,15.0,38.8,43.3,27.5,31.0,27.0,32.2,31.0,12.5,-775.0,28.0,1.9,1.6666666666666667,17.0,5.0
2002.0,189.0,190.0,20.0,16.0,316.0,288.0,10.0,13.0,163.0,171.0,14.0,23.0,123.0,97.0,15.0,7.0,30.0,20.0,5.5,10.0,0.0,0.0,0.0,3.0,5.8,4.8,7.5,9.5,7532.0,14.0,6.7,5.8,12.5,7.0,44.0,169.0,147.0,4.0,3.899999999999999,4.0,32.9,29.0,6.0,6.5,268.0,55.9,55.4,4.0,24.0,285.0,4.0,27.5,12.0,20.0,14.083333333333336,14.0,31.41,45.66,3.54,8.0,13.0,-7.28,27.78,13.0,10.0,41.54,10.0,9.0,80.0,75.0,14.5,12.0,0.0,10.0,14.0,13.0,3.0,0.0,8.0,12.0,11.0,1.0,15.0,15.0,8.0,23.0,11.958333333333336,7.0,12.18125,9.0,17.3,20.0,7.0625,6.0,24.0,1.0,1.0,0.625,31.0,9.516115702479338,4.0,6.4,3.0,12.0,2.5,4.7,2.0,8.5,1.0,1.0,24.0,3.5,7.0,63.0,73.0,17.5,23.0,1.0,0.0,10.0,9.0,1404.0,1607.0,21.0,21.0,6.1,5.9,18.0,11.0,10.583333333333334,6.0,0.0,0.0,402.0,314.0,8.0,88.0,4.0,5.0,479.0,514.0,8.0,25.5,0.4961464354527938,0.5598802395209581,19.0,31.0,1.3252032520325203,28.0,18.0,3.8,4.5,25.0,21.0,23.0,19.5,25.5,0.4390243902439024,0.6571428571428571,6.0,30.0,0.5721770551038844,0.6162354705661792,23.0,30.0,3167.0,3287.0,16.0,23.0,105.0,931.0,920.0,21.0,25.0,112.0,25.5,18.5,0.0949367088607595,0.06944444444444445,25.0,14.0,5.7,5.4,10.0,13.0,1038.0,1002.0,15.0,14.0,67.0,0.0,0.0,16.5,7.5,23.0,4.5,2804.0,3024.0,14.0,19.0,72.0,13.0,22.0,0.0,0.0,10.5,24.5,325.0,109.0,1.0,15.5,2.03,1.57,7.0,5.5,32.0,20.5,80.2,72.8,4.0,19.0,3384.0,22.0,0.7546012269938649,5.0,0.5038535645472062,0.4401197604790419,14.0,2.0,0.5609756097560976,0.3428571428571429,27.0,3.0,0.4278229448961156,0.3837645294338208,10.0,3.0,523.0,441.0,17.0,2.0,23.0,12.0,7.5,4.0,2368.0,2047.0,23.0,4.0,13.429292929292927,8.0,38.6,27.9,7.0,3.0,0.0,0.0,36.0,7.0,8.4,3.0,22.5,217.0,298.0,5.0,15.0,47.0,4.5,16.0,40.0,24.0,6.0,1.5,32.0,18.0,6.0,1.5,27.0,13.2,19.5,2.0,11.5,39.0,2.0,12.0,6.0,12.0,12.632231404958675,7.0,31941.0,27930.0,2.0,5535.0,5334.0,19.0,14.0,97.7,97.0,4.5,23.0,43.0,33.0,9.5,6.5,42.0,32.0,9.0,6.0,7.1,7.0,25.0,10.0,4.5,4.6,27.5,8.5,12.6,12.6,31.0,3.0,22.3,22.0,18.5,12.0,10.2,4.7,2.0,12.5,5.3,5.3,22.0,13.0,41.9,42.0,27.5,10.0,29.3,28.0,18.5,13.0,201.0,16.0,1.5777777777777775,1.5217391304347827,22.0,17.0
2003.0,201.0,203.0,31.0,4.0,252.0,333.0,31.0,30.0,127.0,187.0,32.0,30.5,99.0,122.0,27.5,17.5,26.0,24.0,12.0,14.0,1.0,0.0,0.0,2.0,3.5,6.8,30.5,31.5,6808.0,25.0,4.3,7.7,32.0,31.0,35.0,133.0,154.0,32.0,-3.4000000000000017,31.0,29.7,33.1,28.0,30.0,230.0,50.0,63.6,32.0,32.0,323.0,24.0,31.0,18.0,15.5,26.83333333333333,30.5,-93.43,-110.77,-61.49,28.0,31.0,22.26,23.16,15.0,4.0,-31.4,26.0,21.0,70.4,76.0,12.5,28.0,0.0,6.0,11.0,7.0,3.0,0.0,6.0,9.0,4.0,0.0,10.0,16.0,3.0,11.0,17.916666666666668,21.0,19.6125,24.0,26.85,32.0,12.375,10.0,22.0,0.0,0.0,0.4545454545454545,12.5,25.163911845730034,30.0,27.5,32.0,21.0,4.6,3.0,15.0,31.5,3.0,1.0,15.0,16.5,27.0,79.0,62.0,12.0,4.0,0.0,0.0,11.5,22.0,1572.0,1204.0,6.0,8.0,4.9,7.0,31.0,29.0,23.08333333333333,25.0,0.0,0.0,299.0,422.0,30.0,-123.0,28.0,20.0,460.0,508.0,14.0,28.5,0.532258064516129,0.5215723873441994,25.0,22.0,1.2828282828282829,28.0,14.0,3.0,5.5,30.0,27.0,28.0,30.0,28.5,0.4516129032258064,0.5714285714285714,21.0,29.0,0.5526738581592839,0.6221349050425671,19.0,30.0,2408.0,3800.0,32.0,31.0,90.0,790.0,1001.0,25.0,9.0,130.0,30.0,4.0,0.10317460317460317,0.07207207207207207,27.0,6.0,4.8,5.3,8.5,31.5,930.0,1043.0,25.0,31.0,87.0,0.0,0.0,16.5,8.5,35.0,13.0,3473.0,3559.0,24.5,12.0,82.0,21.5,8.0,1.0,1.0,23.5,9.5,613.0,301.0,11.0,1.0,1.36,1.97,29.0,24.0,43.0,8.0,58.7,94.0,31.0,32.0,2631.0,31.0,0.7795275590551181,5.0,0.4677419354838711,0.4784276126558006,8.0,11.0,0.5483870967741935,0.4285714285714286,12.0,4.0,0.4473261418407161,0.3778650949574329,14.0,3.0,435.0,499.0,27.0,19.0,17.0,21.0,30.5,7.5,1949.0,2308.0,29.0,14.0,17.146464646464644,19.0,24.9,33.5,24.0,26.0,0.0,4.0,35.0,7.1,6.6,12.0,20.0,223.0,205.0,18.0,19.0,36.0,14.5,15.0,27.0,25.0,6.5,20.5,19.0,19.0,5.5,25.0,31.0,12.9,14.8,12.0,11.0,31.0,11.0,0.0,15.5,22.0,22.82782369146005,30.0,26733.0,31262.0,32.0,4357.0,6108.0,32.0,29.0,97.0,97.9,12.0,23.0,33.0,48.0,30.0,18.0,32.0,47.0,30.0,18.0,5.7,7.9,32.0,29.5,4.5,4.6,26.0,8.5,11.4,12.4,30.5,15.5,19.9,19.4,2.0,28.0,14.3,8.6,12.0,2.0,4.7,5.9,32.0,25.0,39.9,43.4,31.5,23.5,21.6,30.0,28.0,32.0,-1751.0,31.0,1.2666666666666666,1.7173913043478264,11.0,31.0
2004.0,184.0,185.0,14.5,18.5,284.0,310.0,20.5,19.0,120.0,183.0,23.0,32.0,133.0,107.0,21.5,4.0,31.0,20.0,3.5,9.5,0.0,0.0,0.0,1.0,4.5,5.4,16.5,26.0,7152.0,17.0,5.8,6.5,19.0,22.0,41.0,153.0,160.0,16.0,1.5,6.0,31.1,29.6,8.0,15.5,217.0,54.9,63.4,29.0,30.0,328.0,24.5,32.0,30.0,6.5,14.833333333333336,13.0,-19.49,-83.2,-11.25,14.0,30.0,75.92,15.7,21.0,1.0,21.44,14.0,15.0,78.3,88.9,28.5,22.0,1.0,7.0,9.0,6.0,0.0,1.0,7.0,7.0,3.0,0.0,14.0,13.0,10.5,25.5,10.166666666666666,5.0,14.925,14.0,24.35,31.0,5.5,3.0,26.0,1.0,1.0,0.5384615384615384,21.5,15.31060606060606,12.0,15.0,13.0,16.0,4.1,3.7,11.0,28.5,4.0,0.0,19.0,10.5,15.0,61.0,56.0,6.5,24.0,0.0,1.0,24.0,22.0,1331.0,1117.0,6.0,23.0,5.4,6.2,18.5,24.5,17.083333333333332,16.0,0.0,0.0,340.0,337.0,14.0,3.0,14.0,16.0,395.0,517.0,19.0,31.0,0.4592363261093912,0.5655655655655656,14.0,31.0,0.9022556390977444,32.0,15.0,3.8,3.7,11.5,21.5,19.0,11.5,28.0,0.42857142857142855,0.4871794871794872,30.0,31.0,0.4744295830055074,0.6771653543307087,7.0,32.0,2412.0,3526.0,22.0,30.0,109.0,905.0,930.0,18.0,15.0,129.0,31.0,13.5,0.10915492957746477,0.06451612903225806,29.0,9.0,5.4,5.5,17.5,18.0,969.0,999.0,16.0,24.0,76.0,0.0,0.0,16.5,12.0,33.0,10.5,3082.0,3464.0,21.0,20.0,80.0,19.5,19.5,1.0,0.0,12.0,6.0,457.0,134.0,1.0,5.0,1.63,1.74,18.0,19.0,37.0,19.0,72.0,82.8,19.0,26.0,2692.0,30.0,1.1083333333333334,1.0,0.5407636738906089,0.4344344344344344,19.0,2.0,0.5714285714285714,0.5128205128205128,3.0,2.0,0.5255704169944926,0.3228346456692913,26.0,1.0,524.0,434.0,12.0,5.5,20.0,20.0,29.0,3.0,2672.0,1681.0,8.5,1.0,14.722222222222221,11.0,28.8,29.7,16.0,19.0,0.0,1.0,50.0,11.2,8.5,2.5,31.0,280.0,312.0,3.0,24.0,48.0,1.0,27.5,23.0,18.0,1.5,29.0,18.0,16.0,2.5,27.0,30.0,15.8,16.8,10.0,23.5,32.0,11.5,2.0,17.0,22.0,15.62121212121212,12.0,28152.0,29600.0,21.0,5084.0,5207.0,14.0,20.0,100.0,100.0,21.5,12.0,40.0,39.0,19.5,12.5,40.0,39.0,20.0,12.0,6.8,7.4,23.5,20.0,5.1,3.9,10.5,1.0,12.4,11.7,16.0,10.0,21.8,19.9,6.5,13.0,12.4,4.1,1.0,1.0,5.2,5.2,15.0,16.5,40.6,43.3,27.0,25.5,27.6,28.1,16.0,18.0,-123.0,17.0,1.3333333333333337,1.8974358974358976,4.0,31.0
2005.0,190.0,190.0,21.0,14.5,313.0,319.0,25.5,11.0,149.0,167.0,16.0,25.5,139.0,122.0,29.0,3.0,25.0,30.0,18.0,21.0,4.0,0.0,4.0,0.0,5.0,4.9,11.5,19.0,7317.0,12.0,6.0,5.8,11.5,18.5,39.0,154.0,154.0,21.5,0.10000000000000142,16.0,30.3,30.2,9.0,22.0,247.0,54.8,60.8,22.0,26.0,320.0,23.0,29.0,20.0,7.0,19.83333333333333,23.0,3.02,-16.09,21.73,9.0,20.0,17.43,-15.75,29.0,5.0,11.85,22.0,10.0,88.9,83.3,22.0,4.0,0.0,10.0,11.0,4.0,2.0,0.0,9.0,11.0,3.0,1.0,16.0,13.0,12.0,29.0,16.333333333333332,17.0,12.925,12.0,18.85,23.0,7.0,5.0,26.0,2.0,2.0,0.6153846153846154,30.5,16.62892561983471,17.0,17.2,16.0,13.0,2.9,3.0,16.0,12.5,0.0,0.0,16.0,16.0,7.5,70.0,59.0,9.0,14.0,0.0,0.0,11.5,21.5,1482.0,1138.0,2.0,21.0,5.5,5.6,8.0,24.5,13.583333333333336,12.0,1.0,0.0,351.0,341.0,18.0,10.0,16.0,14.0,451.0,526.0,19.0,27.0,0.4799216454456415,0.5624375624375625,12.0,29.0,1.0719424460431657,32.0,19.0,4.2,3.4,10.0,12.0,18.0,11.0,19.0,0.5277777777777778,0.5,28.0,25.0,0.5127272727272727,0.6032692307692308,27.0,31.0,2679.0,3137.0,14.0,27.0,114.0,1043.0,981.0,19.5,24.0,114.0,15.0,16.0,0.07987220447284345,0.09404388714733544,19.0,23.0,5.5,5.4,11.5,18.0,1021.0,1001.0,18.0,15.5,78.0,0.0,0.0,16.5,12.0,35.0,10.0,3300.0,3405.0,15.0,15.0,79.0,16.5,15.5,0.0,0.0,12.5,20.5,261.0,238.0,8.0,22.0,1.71,1.72,20.0,13.5,31.0,24.5,76.6,78.4,17.0,18.0,2907.0,28.0,0.9328859060402684,1.0,0.5200783545543585,0.4375624375624375,21.0,4.0,0.4722222222222222,0.5,5.0,8.0,0.4872727272727273,0.3967307692307692,6.0,2.0,531.0,438.0,16.5,3.0,17.0,18.0,25.5,9.0,2546.0,2063.0,26.0,1.0,14.323232323232324,6.0,31.6,32.1,20.0,14.0,1.0,0.0,39.0,8.0,6.6,19.5,25.0,228.0,257.0,12.0,17.0,37.0,15.5,18.0,27.0,30.0,17.0,25.0,24.0,25.0,19.5,16.0,29.0,13.2,14.7,14.0,16.0,29.0,14.0,0.0,17.0,19.0,16.05785123966942,16.0,29260.0,29260.0,17.0,5225.0,5200.0,22.0,12.0,100.0,100.0,22.5,10.0,35.0,38.0,24.0,15.0,35.0,38.0,24.0,14.5,6.4,6.5,9.0,22.0,4.8,4.7,31.5,1.0,11.8,10.6,4.0,13.0,21.2,19.3,1.0,24.0,8.4,6.8,7.5,14.5,5.1,5.2,22.5,13.5,42.3,43.1,22.0,20.0,27.5,27.3,18.5,13.5,25.0,20.0,1.3333333333333337,1.3829787234042552,32.0,31.0
2006.0,184.0,179.0,4.5,22.0,287.0,313.0,23.5,20.0,133.0,183.0,26.0,29.0,134.0,97.0,13.5,2.0,20.0,33.0,30.5,24.5,1.0,0.0,0.0,0.0,4.6,6.4,29.5,25.5,7524.0,8.0,5.8,7.3,31.0,18.5,32.0,157.0,163.0,15.0,2.0,6.0,30.3,28.3,1.5,17.0,222.0,53.4,62.3,25.0,31.0,321.0,21.5,32.0,12.0,21.0,19.916666666666668,20.0,-15.22,-48.06,-67.93,29.0,27.0,39.93,45.09,8.0,2.0,-8.19,21.0,14.0,71.9,79.3,14.0,31.0,0.0,9.0,10.0,9.0,4.0,0.0,8.0,7.0,7.0,1.0,5.0,14.0,8.5,1.0,18.375,20.0,14.075,14.0,21.15,27.0,7.0,3.0,18.0,1.0,0.0,0.2777777777777778,2.0,16.034159779614324,16.0,13.6,12.0,15.0,3.6,2.3,27.0,21.5,1.0,2.0,12.0,26.0,14.0,68.0,53.0,6.0,12.0,0.0,0.0,13.0,20.0,1542.0,1093.0,4.0,11.0,5.1,6.6,30.5,29.5,15.416666666666664,14.0,0.0,1.0,292.0,328.0,15.5,-36.0,21.0,25.0,416.0,515.0,17.5,32.0,0.46299999999999997,0.5553319919517102,14.0,32.0,0.9925373134328358,32.0,21.0,5.0,3.9,13.5,7.0,20.0,14.5,14.0,0.7,0.5882352941176471,15.5,5.0,0.4465160075329567,0.6888262910798122,4.0,32.0,2371.0,3668.0,29.0,32.0,96.0,877.0,799.0,19.0,21.0,99.0,24.0,18.0,0.06968641114982578,0.10543130990415336,5.0,23.0,5.6,5.7,21.0,12.5,1000.0,994.0,15.0,17.0,78.0,2.0,0.0,16.5,31.5,25.0,1.5,3283.0,3380.0,19.0,19.0,77.0,15.5,15.0,0.0,0.0,10.0,22.0,288.0,279.0,14.0,20.5,1.52,1.72,20.0,21.0,37.0,15.5,75.2,88.8,27.0,22.0,2682.0,32.0,1.0075187969924813,1.0,0.5369999999999999,0.44466800804828976,19.0,1.0,0.30000000000000004,0.4117647058823529,17.5,28.0,0.5534839924670434,0.3111737089201878,29.0,1.0,537.0,442.0,12.0,1.0,9.0,14.0,19.5,24.5,2939.0,1657.0,9.0,1.0,20.60606060606061,29.0,28.8,31.8,18.5,22.0,0.0,0.0,47.0,10.2,6.7,15.0,31.0,311.0,235.0,14.0,26.0,37.0,14.0,25.5,32.0,29.0,16.0,8.5,23.0,23.0,16.0,19.5,20.0,10.9,13.4,21.0,4.5,26.0,22.0,6.0,8.0,5.0,18.46831955922865,24.0,28888.0,29177.0,17.0,5310.0,5325.0,22.0,12.0,100.0,100.0,20.5,11.5,31.0,37.0,18.0,22.5,31.0,37.0,19.5,22.0,6.4,7.6,32.0,23.0,5.5,3.7,6.0,1.0,12.1,12.2,27.0,9.5,22.7,20.6,3.0,15.5,7.8,11.2,27.0,25.5,5.3,5.4,23.5,11.5,42.1,43.9,23.0,24.5,28.8,29.7,24.0,10.5,-15.0,16.0,1.1636363636363638,2.054054054054054,2.0,32.0
2007.0,194.0,187.0,18.0,5.5,248.0,320.0,28.0,30.5,161.0,190.0,23.5,26.0,73.0,105.0,24.5,26.5,14.0,25.0,26.0,26.5,1.0,0.0,0.0,1.0,4.9,6.2,26.5,20.0,7155.0,20.0,5.9,6.8,24.5,19.5,26.0,142.0,162.0,28.5,2.5,8.0,31.0,28.5,3.5,17.0,336.0,60.5,62.7,23.0,18.5,336.0,18.0,13.0,6.0,31.5,25.08333333333333,31.0,-123.5,-55.7,-51.14,22.0,28.0,-50.66,-4.24,27.0,26.0,-46.58,27.0,28.0,76.5,93.3,32.0,26.0,0.0,10.0,12.0,10.0,0.0,0.0,9.0,12.0,5.0,0.0,9.0,12.0,14.5,9.5,25.25,32.0,20.38125,27.0,16.45,18.0,24.3125,27.0,18.0,1.0,2.0,0.5,20.0,21.300275482093664,25.0,21.0,23.0,15.0,2.7,3.0,20.0,10.0,0.0,5.0,16.0,18.0,12.5,72.0,50.0,3.5,10.0,0.0,1.0,20.5,24.5,1781.0,1148.0,4.0,4.0,5.5,6.5,26.0,23.0,22.5,24.0,0.0,0.0,259.0,414.0,29.0,-155.0,30.0,29.0,555.0,536.0,14.5,14.0,0.6099290780141844,0.5383877159309021,24.0,5.0,2.2054794520547945,11.0,18.0,3.2,5.0,25.5,23.0,27.0,26.5,21.5,0.72,0.6923076923076923,10.0,9.5,0.6841886557240806,0.6425808720112518,24.0,13.0,3293.0,3655.0,23.0,18.0,105.0,891.0,808.0,27.0,30.0,91.0,19.0,26.0,0.05645161290322581,0.078125,8.0,26.0,5.3,5.7,21.5,26.5,987.0,1042.0,27.0,22.0,88.0,0.0,0.0,16.5,11.5,41.0,27.0,3824.0,3064.0,14.0,5.0,74.0,17.0,5.0,0.0,0.0,9.0,22.5,228.0,307.0,15.0,25.0,1.3,1.91,25.0,28.0,36.0,14.0,78.9,88.2,25.0,19.0,3573.0,17.0,0.453416149068323,22.0,0.3900709219858156,0.4616122840690979,9.0,28.0,0.28,0.3076923076923077,23.0,23.5,0.3158113442759194,0.3574191279887482,9.0,20.0,385.0,481.0,26.5,29.0,7.0,12.0,18.5,28.5,1520.0,2033.0,26.0,26.0,15.757575757575758,12.0,26.3,35.8,22.0,28.0,0.0,0.0,47.0,7.8,4.5,29.0,24.5,280.0,146.0,30.0,24.0,25.0,30.0,25.5,34.0,30.0,14.0,8.0,26.0,28.0,23.0,13.0,24.0,12.4,13.4,17.5,9.0,28.0,17.5,4.0,10.5,9.0,21.600550964187327,27.0,27548.0,30294.0,29.0,4813.0,5688.0,29.0,23.0,100.0,100.0,21.5,12.0,25.0,46.0,30.0,27.5,25.0,46.0,30.0,27.5,6.4,7.1,21.5,24.0,3.9,4.2,21.0,20.5,10.6,11.3,17.0,26.0,24.7,23.0,19.0,6.0,6.3,7.5,8.0,29.0,4.9,5.5,25.5,21.0,43.5,41.4,5.0,15.0,24.7,30.3,23.0,26.0,-875.0,27.5,1.6410256410256412,1.6904761904761902,16.5,19.0
2008.0,174.0,178.0,13.0,25.0,313.0,309.0,21.0,9.0,157.0,189.0,27.0,21.0,131.0,108.0,21.0,3.0,25.0,12.0,1.0,6.0,1.0,0.0,1.0,3.0,7.0,6.0,21.0,4.5,7665.0,7.0,7.5,6.8,23.0,5.0,43.0,172.0,159.0,6.0,3.3000000000000007,5.0,30.6,27.3,1.0,15.5,265.0,61.1,59.2,11.0,15.0,325.0,22.0,26.5,20.0,15.5,21.08333333333333,24.0,88.17,100.79,-42.4,17.0,6.0,-11.66,-20.95,26.0,11.0,-46.95,22.0,8.0,93.5,80.0,9.0,2.0,0.0,11.0,8.0,10.0,2.0,0.0,11.0,7.0,10.0,1.0,10.0,8.0,22.5,15.0,17.5,18.5,9.55,4.0,14.35,14.0,4.75,3.0,18.0,1.0,1.0,0.5555555555555556,22.5,13.837190082644627,11.0,13.6,12.0,11.0,2.5,1.8,28.0,12.0,2.0,0.0,10.0,27.5,6.5,59.0,71.0,20.0,26.0,0.0,0.0,11.0,22.5,1408.0,1536.0,16.0,20.0,7.4,6.0,13.0,3.0,7.583333333333332,2.0,0.0,0.0,391.0,325.0,11.0,66.0,11.0,10.0,434.0,549.0,25.0,29.0,0.4460929772502473,0.5841683366733467,11.0,31.0,1.1984732824427482,31.0,16.0,3.7,3.6,12.5,20.5,20.0,15.5,22.5,0.41025641025641024,0.5405405405405406,23.0,30.0,0.577262502163004,0.6334890406036651,21.0,26.0,3336.0,3526.0,21.0,14.0,71.0,591.0,854.0,29.0,4.5,109.0,28.5,2.5,0.07987220447284345,0.03883495145631068,32.0,7.0,6.0,5.7,20.0,7.0,1011.0,998.0,18.0,13.0,65.0,2.0,0.0,16.5,31.0,20.0,3.0,2647.0,3458.0,23.0,23.0,76.0,21.0,21.5,1.0,0.0,11.5,7.5,379.0,49.0,1.0,8.0,2.11,1.79,17.0,8.0,43.0,6.0,87.7,84.6,18.0,10.0,3440.0,17.0,0.8343949044585988,2.0,0.5539070227497527,0.4158316633266533,22.0,2.0,0.5897435897435898,0.4594594594594594,10.0,3.0,0.4227374978369961,0.3665109593963349,12.0,7.0,560.0,415.0,11.5,2.0,23.0,17.0,23.0,3.0,2443.0,2040.0,25.0,2.0,13.383838383838384,7.0,39.7,32.0,13.0,6.0,1.0,0.0,17.0,3.8,5.8,18.0,6.0,104.0,245.0,9.0,5.0,34.0,11.5,5.0,31.0,25.0,4.0,18.0,29.0,20.0,4.5,10.0,21.0,10.3,9.0,30.0,7.0,18.0,29.0,-3.0,21.0,9.5,14.074380165289256,10.0,29928.0,28302.0,12.0,5779.0,5566.0,24.0,6.0,100.0,100.0,19.0,13.5,42.0,35.0,15.0,8.5,42.0,35.0,15.5,8.5,7.9,6.9,16.0,4.5,4.4,4.9,28.5,8.0,13.0,11.6,19.5,2.0,23.9,21.6,8.0,10.0,8.8,2.5,1.0,17.0,5.7,5.6,24.0,7.5,40.7,45.5,27.5,30.0,33.1,31.1,21.5,6.0,213.0,19.0,1.7954545454545454,1.4081632653061225,32.0,10.0
2009.0,170.0,171.0,3.0,31.5,330.0,303.0,17.0,10.5,192.0,197.0,28.0,12.0,105.0,89.0,14.5,11.0,33.0,17.0,5.0,2.5,1.0,0.0,0.0,0.0,5.6,6.6,25.5,16.0,7249.0,20.0,6.1,7.2,23.5,18.0,44.0,169.0,170.0,6.5,2.700000000000003,6.0,30.6,27.9,7.0,8.5,332.0,58.2,62.5,22.0,22.0,335.0,20.0,17.0,18.0,14.0,16.75,18.0,64.33,79.8,-94.1,27.0,11.0,-11.06,42.48,8.0,11.0,-41.5,22.0,10.0,65.5,71.4,5.0,29.0,0.0,6.0,12.0,7.0,4.0,0.0,6.0,8.0,3.0,2.0,8.0,13.0,9.0,5.5,18.166666666666668,19.0,13.375,11.0,14.0,16.0,12.75,11.0,19.0,2.0,0.0,0.42105263157894735,11.0,14.465840220385676,13.0,13.4,12.0,17.0,3.0,2.8,18.0,17.0,1.0,2.0,15.0,17.5,18.0,55.0,46.0,4.0,24.5,0.0,0.0,10.0,23.5,1336.0,945.0,2.0,19.0,6.0,6.9,25.5,17.0,14.333333333333336,13.0,0.0,0.0,363.0,325.0,14.5,38.0,15.0,13.0,570.0,536.0,19.0,7.0,0.5696564885496184,0.5656970912738215,16.0,17.0,1.8285714285714283,20.0,26.0,4.6,4.7,20.0,13.0,25.0,21.0,13.5,0.6341463414634146,0.7142857142857143,6.0,19.0,0.6555902331558656,0.6934790397706915,7.0,19.0,3571.0,3871.0,28.0,14.0,78.0,664.0,892.0,25.0,5.0,110.0,29.0,5.0,0.1,0.056105610561056105,29.0,6.0,6.3,6.0,29.0,1.0,1048.0,997.0,15.0,4.0,63.0,1.0,0.0,16.5,29.5,27.0,5.5,2676.0,2635.0,1.0,28.0,62.0,1.5,29.0,0.0,1.0,27.5,20.5,270.0,289.0,16.0,19.0,2.02,1.78,19.0,8.0,27.0,30.5,80.4,89.5,22.5,19.0,3697.0,16.0,0.546875,13.0,0.4303435114503816,0.4343029087261785,17.0,16.0,0.36585365853658536,0.2857142857142857,27.0,14.0,0.3444097668441344,0.3065209602293085,26.0,14.0,451.0,433.0,16.0,11.0,15.0,10.0,8.5,14.0,1876.0,1711.0,11.0,15.0,15.505050505050507,12.0,35.3,32.2,17.0,10.0,0.0,0.0,27.0,4.5,5.0,26.5,7.0,126.0,170.0,27.0,4.0,28.0,27.0,8.0,29.0,28.0,15.0,15.0,19.0,20.0,9.5,27.0,25.0,13.5,15.2,9.0,16.5,28.0,13.5,3.0,11.5,13.0,15.531680440771352,14.0,28730.0,29070.0,15.5,5447.0,5582.0,21.0,16.0,97.7,97.4,11.0,23.5,43.0,38.0,19.5,12.0,42.0,37.0,18.0,12.0,6.5,7.5,25.0,21.0,4.2,4.0,9.0,16.5,11.1,12.1,27.0,21.0,24.3,20.5,5.5,6.0,10.0,10.7,28.0,9.5,5.2,5.6,23.5,18.0,42.5,42.5,4.0,23.0,32.1,32.6,29.5,9.0,-135.0,19.0,1.5476190476190474,1.875,4.0,18.0
2010.0,178.0,180.0,8.0,27.0,353.0,284.0,10.5,4.0,200.0,183.0,15.5,9.0,111.0,87.0,9.5,9.0,42.0,14.0,5.5,1.0,3.0,0.0,2.0,1.0,6.2,5.2,6.5,12.0,7075.0,23.5,6.7,5.9,7.0,13.0,47.0,177.0,150.0,1.5,6.8000000000000025,1.0,31.1,24.3,1.0,8.0,361.0,62.6,65.0,28.5,10.0,364.0,29.0,7.0,18.0,15.0,13.583333333333336,11.0,87.95,118.37,-60.0,23.0,6.0,-27.41,23.63,19.0,12.0,-21.42,19.0,8.0,90.3,65.2,1.0,4.0,0.0,11.0,9.0,10.0,1.0,0.0,11.0,8.0,8.0,1.0,8.0,9.0,21.5,7.0,15.083333333333336,12.0,10.56875,5.0,9.7,10.0,11.4375,11.0,12.0,1.0,1.0,0.6666666666666666,31.5,9.029476584022039,3.0,4.8,1.5,9.0,1.6,3.9,4.0,3.0,2.0,0.0,22.0,4.0,4.5,46.0,64.0,16.5,32.0,1.0,1.0,21.5,11.0,1221.0,1362.0,12.0,25.0,5.9,6.1,17.0,21.0,12.583333333333336,13.0,0.0,1.0,414.0,288.0,5.0,126.0,4.0,5.0,577.0,560.0,23.0,8.0,0.5469462169553327,0.6175548589341693,3.0,24.0,1.8018018018018016,19.0,28.0,4.9,4.1,14.0,14.0,23.0,15.5,8.5,0.6666666666666666,0.71875,11.0,14.5,0.6535360938072554,0.6815190825343109,10.0,17.0,3567.0,3625.0,22.0,15.0,58.0,598.0,1003.0,29.0,2.0,116.0,29.0,1.0,0.1189801699716714,0.04929577464788732,28.0,1.0,6.3,5.4,10.5,1.5,1097.0,957.0,4.5,1.0,75.0,1.0,0.0,16.5,27.0,28.0,7.0,3015.0,3322.0,17.0,25.0,73.0,12.5,19.0,1.0,0.0,10.5,6.0,230.0,241.0,8.5,28.0,2.12,1.49,6.5,6.5,19.0,32.0,90.8,82.2,14.0,10.5,3725.0,16.0,0.555,14.0,0.4530537830446673,0.3824451410658307,30.0,9.0,0.33333333333333337,0.28125,22.0,18.5,0.3464639061927446,0.3184809174656891,23.0,16.0,497.0,366.0,2.0,5.0,14.0,9.0,8.5,10.0,1891.0,1694.0,10.0,12.0,13.727272727272727,6.0,39.3,26.1,4.5,6.0,0.0,0.0,23.0,3.8,5.2,25.5,3.5,158.0,221.0,20.0,3.0,31.0,21.0,3.0,31.0,23.0,6.0,11.0,28.0,15.0,1.0,7.0,17.0,9.0,16.1,7.0,3.0,31.0,7.0,14.0,3.0,3.0,13.258953168044073,8.0,31506.0,27000.0,2.0,5458.0,5319.0,16.0,16.0,100.0,100.0,21.0,12.5,44.0,31.0,7.5,7.5,44.0,31.0,8.0,7.0,6.5,6.9,15.5,26.5,3.8,4.6,26.0,26.5,10.3,10.6,5.5,30.0,26.5,21.3,9.0,1.0,12.1,8.6,12.5,5.5,5.0,5.6,26.0,26.0,40.2,45.5,31.0,30.0,30.7,29.6,20.0,11.5,139.0,14.0,1.7105263157894737,1.5000000000000002,28.0,15.0
2011.0,187.0,180.0,5.5,21.0,349.0,292.0,11.0,6.5,215.0,186.0,15.5,9.0,100.0,87.0,10.0,11.5,34.0,19.0,4.0,3.0,1.0,0.0,0.0,1.0,6.8,5.8,15.0,8.0,7181.0,17.0,7.3,6.5,11.5,10.5,46.0,166.0,150.0,4.0,1.6000000000000014,11.0,28.5,26.9,11.0,16.0,365.0,61.4,60.7,17.5,11.5,340.0,21.5,7.5,18.0,14.0,14.333333333333336,14.0,66.87,113.03,-46.31,17.0,8.0,-38.04,24.21,16.0,24.0,-18.44,17.0,10.0,93.1,82.1,15.0,1.0,2.0,9.0,9.0,7.0,2.0,2.0,9.0,9.0,5.0,2.0,8.0,10.0,16.0,12.5,16.583333333333332,15.0,11.225,6.0,7.7,6.0,14.75,14.0,12.0,1.0,1.0,0.6666666666666666,30.0,10.602617079889807,4.0,7.5,5.0,13.0,2.2,3.4,10.5,8.5,2.0,2.0,19.0,10.5,9.5,24.0,60.0,30.5,32.0,0.0,0.0,12.0,21.0,563.0,1487.0,32.0,32.0,6.8,6.4,20.0,13.0,11.166666666666664,10.0,0.0,1.0,402.0,350.0,18.0,52.0,10.0,7.0,594.0,560.0,21.0,4.0,0.5778191985088537,0.6145077720207254,6.0,16.0,2.15,14.0,29.0,4.9,4.5,20.5,6.5,25.0,20.5,6.5,0.6744186046511628,0.7142857142857143,7.0,11.0,0.6956521739130435,0.7092544023979018,7.0,11.0,4192.0,3786.0,20.0,8.0,93.0,769.0,843.0,13.0,7.0,101.0,17.5,10.0,0.09742120343839544,0.06506849315068493,28.0,12.5,5.9,5.5,14.5,5.5,1073.0,965.0,4.0,3.0,71.0,1.0,0.0,16.5,28.0,31.0,8.5,2990.0,0.0,16.5,24.0,75.0,13.5,22.5,0.0,0.0,9.5,24.0,315.0,150.0,2.0,18.0,2.04,1.74,17.5,7.0,33.0,19.0,91.1,83.3,14.0,9.0,4365.0,8.0,0.4651162790697674,19.0,0.4221808014911464,0.3854922279792746,27.0,17.0,0.32558139534883723,0.2857142857142857,26.0,22.0,0.3043478260869565,0.29074559760209817,26.0,22.0,453.0,372.0,3.0,11.0,14.0,10.0,10.0,13.0,1834.0,1552.0,6.0,17.0,16.252525252525253,16.0,37.4,32.2,14.0,9.0,0.0,1.0,26.0,4.2,5.6,25.5,4.0,173.0,231.0,19.0,6.5,33.0,20.5,6.0,29.0,28.0,9.5,19.0,27.0,23.0,11.0,14.0,21.0,10.7,15.0,6.0,7.5,29.0,10.0,8.0,5.5,7.5,13.705234159779616,8.0,31042.0,27000.0,4.0,6026.0,5338.0,12.0,10.0,100.0,100.0,20.0,13.0,45.0,37.0,16.0,7.0,45.0,37.0,17.0,6.0,7.3,7.2,17.0,13.5,4.0,4.2,15.0,23.0,12.0,11.8,9.5,14.5,23.5,24.8,22.0,18.5,9.5,4.8,1.0,20.0,5.6,5.5,17.5,14.0,42.1,0.0,16.5,30.0,32.2,29.6,17.0,9.5,688.0,7.0,1.825,1.7142857142857142,17.0,6.0
2012.0,175.0,180.0,7.0,30.5,343.0,298.0,9.0,6.0,247.0,189.0,16.0,4.0,70.0,99.0,17.5,29.5,26.0,10.0,1.0,18.0,2.0,0.0,0.0,0.0,7.0,5.6,11.0,8.0,7028.0,18.0,7.7,6.2,8.5,8.0,46.0,169.0,155.0,3.5,3.5,7.5,29.0,25.5,4.5,10.0,422.0,68.6,61.2,16.0,1.0,337.0,14.5,4.0,12.0,22.5,15.833333333333336,13.5,153.25,211.97,-49.35,13.0,2.0,-50.54,-2.57,28.0,28.0,-42.48,18.0,2.0,86.8,84.4,17.5,14.0,1.0,9.0,11.0,13.0,4.0,1.0,8.0,10.0,10.0,4.0,4.0,11.0,15.0,1.5,19.25,22.0,13.8,12.0,5.85,4.0,21.75,25.0,9.0,1.0,0.0,0.4444444444444444,11.0,11.375895316804408,7.0,8.8,7.0,14.0,2.3,3.6,4.0,8.0,1.0,1.0,20.0,5.5,13.0,27.0,48.0,20.5,32.0,0.0,0.0,11.5,22.5,640.0,1065.0,19.0,31.0,7.0,6.7,22.0,5.0,10.333333333333334,8.0,0.0,0.0,419.0,299.0,5.0,120.0,5.0,7.0,615.0,551.0,14.0,8.0,0.6297747306562194,0.5852674066599395,16.0,7.0,3.5285714285714285,2.0,32.0,5.2,2.5,1.0,8.5,14.0,1.0,5.0,0.7272727272727273,0.4666666666666667,32.0,10.0,0.7634608872333221,0.663019319541802,19.0,2.0,4509.0,3878.0,23.0,6.0,55.0,415.0,641.0,1.0,1.0,83.0,4.0,1.0,0.07580174927113703,0.03355704697986577,32.0,25.0,6.1,5.7,15.5,3.5,1021.0,991.0,5.0,14.0,62.0,2.0,0.0,16.5,29.5,26.0,4.0,2847.0,0.0,16.5,30.0,64.0,3.0,30.0,0.0,0.0,9.5,24.0,205.0,241.0,6.0,29.0,2.33,1.62,10.0,2.0,26.0,28.5,99.1,77.1,5.0,6.0,4719.0,5.0,0.2834008097165992,31.0,0.37022526934378064,0.4147325933400605,17.0,26.0,0.2727272727272727,0.5333333333333333,1.0,23.0,0.23653911276667794,0.336980680458198,14.0,31.0,378.0,411.0,10.0,26.5,12.0,16.0,24.5,15.0,1397.0,1971.0,21.0,29.0,16.267676767676765,14.0,44.0,31.7,13.0,2.0,0.0,1.0,28.0,4.4,5.0,27.0,7.5,210.0,182.0,29.0,10.0,29.0,28.0,7.5,38.0,32.0,18.5,4.0,33.0,27.0,17.5,2.5,18.0,10.3,17.2,3.0,8.5,31.0,6.0,13.0,5.5,7.5,13.951790633608812,9.0,29575.0,27900.0,12.0,5906.0,5849.0,24.0,8.0,100.0,100.0,19.0,14.0,44.0,30.0,5.5,10.0,44.0,30.0,6.0,9.5,7.7,7.4,21.5,7.5,3.7,4.8,29.0,28.5,11.2,12.0,20.0,25.0,23.7,22.2,8.0,14.0,7.9,9.3,14.5,25.0,5.8,5.9,27.5,7.0,45.9,0.0,16.5,17.0,33.7,32.5,27.0,4.0,57.0,14.0,2.081081081081081,1.5416666666666667,26.0,2.0
2013.0,179.0,175.0,2.0,30.0,330.0,326.0,16.0,9.5,227.0,196.0,17.0,4.0,64.0,102.0,22.5,31.0,39.0,28.0,15.5,4.5,1.0,0.0,1.0,0.0,5.7,7.4,31.5,17.5,6761.0,22.0,6.5,8.3,31.0,18.5,40.0,163.0,164.0,5.0,-1.5,22.0,26.2,27.7,15.0,29.0,445.0,67.5,66.1,28.0,4.0,341.0,14.0,3.0,18.0,18.5,26.25,29.0,44.8,81.36,-116.45,30.0,10.0,-27.53,-19.47,29.0,21.0,-123.26,31.0,13.0,88.9,97.1,32.0,15.0,0.0,9.0,8.0,5.0,5.0,0.0,9.0,7.0,5.0,3.0,11.0,11.0,12.5,25.5,25.33333333333333,32.0,18.49375,23.0,9.55,9.0,27.4375,32.0,17.0,1.0,0.0,0.6470588235294118,31.0,21.722314049586775,26.0,22.8,25.5,17.0,2.6,1.9,28.5,15.0,2.0,4.0,10.0,29.5,19.0,27.0,23.0,2.0,29.5,0.0,0.0,12.5,19.0,659.0,571.0,5.0,28.0,6.0,7.1,31.0,17.0,17.583333333333332,19.0,0.0,0.0,353.0,443.0,27.0,-90.0,25.0,20.0,659.0,516.0,5.0,3.0,0.6865234375,0.5463609172482552,29.0,1.0,3.546875,1.0,26.0,3.9,6.0,31.0,22.0,31.0,29.0,11.5,0.7027027027027027,0.6888888888888889,15.0,12.0,0.7728597449908925,0.642009884678748,26.0,1.0,4243.0,3897.0,21.0,7.0,91.0,788.0,885.0,23.0,12.0,104.0,21.0,9.5,0.11818181818181818,0.08588957055214724,18.0,7.0,5.9,5.9,28.0,6.0,1024.0,1003.0,8.0,17.0,70.0,2.0,0.0,16.5,31.0,33.0,13.0,3166.0,0.0,16.5,25.0,62.0,3.0,26.5,0.0,0.0,12.0,22.5,250.0,251.0,11.0,21.0,1.85,2.38,32.0,17.0,30.0,23.5,89.5,102.4,31.0,11.0,4541.0,4.0,0.28193832599118945,32.0,0.3134765625,0.4536390827517448,4.0,32.0,0.2972972972972973,0.3111111111111111,18.0,21.0,0.2271402550091075,0.357990115321252,7.0,32.0,321.0,455.0,26.0,32.0,11.0,14.0,20.0,21.5,1247.0,2173.0,31.0,32.0,17.252525252525253,17.0,34.1,45.1,32.0,16.0,0.0,0.0,44.0,6.3,5.8,25.5,11.0,298.0,231.0,25.0,23.0,32.0,29.5,21.5,27.0,35.0,26.0,24.5,24.0,34.0,30.5,21.0,28.0,14.5,11.4,21.0,23.0,21.0,25.0,-7.0,24.0,21.0,20.644628099173552,30.0,29177.0,28700.0,17.0,5490.0,6070.0,27.5,14.0,100.0,100.0,19.0,14.0,39.0,47.0,25.0,17.5,39.0,47.0,25.5,17.5,6.9,8.0,30.0,17.5,3.9,4.8,31.0,24.0,10.2,12.1,22.0,32.0,24.4,24.8,25.0,10.0,8.3,7.6,8.5,20.0,5.4,6.1,30.0,12.0,45.2,0.0,16.5,16.0,30.7,34.7,29.0,8.0,-580.0,26.0,1.7692307692307694,1.6666666666666667,18.5,12.0
2014.0,175.0,169.0,1.0,26.5,330.0,358.0,32.0,13.0,233.0,224.0,31.0,4.0,75.0,108.0,26.5,26.0,22.0,26.0,6.0,29.5,2.0,0.0,1.0,0.0,6.7,7.1,28.5,9.5,7791.0,4.0,7.3,7.6,24.0,10.0,42.0,162.0,174.0,11.0,-1.3999999999999986,24.0,26.5,27.9,20.0,24.0,418.0,66.1,63.4,18.0,7.0,359.0,21.0,2.0,12.0,24.5,24.33333333333333,29.0,68.84,105.81,-131.54,29.0,10.0,-26.32,-7.5,30.0,15.0,-136.13,31.0,10.0,90.6,81.6,13.0,4.5,0.0,10.0,4.0,8.0,10.0,0.0,10.0,4.0,8.0,7.0,8.0,12.0,7.5,10.5,22.29166666666667,27.0,14.5375,15.0,7.95,7.0,21.125,23.0,16.0,1.0,0.0,0.5,23.0,18.768457300275482,23.0,21.3,24.0,15.0,2.4,2.8,12.0,15.5,1.0,5.0,16.0,12.5,17.0,50.0,36.0,15.0,5.0,0.0,0.0,13.5,19.0,1174.0,820.0,12.0,5.0,6.9,7.6,32.0,6.5,12.583333333333336,12.0,0.0,0.0,381.0,417.0,27.0,-36.0,24.0,12.0,632.0,566.0,23.0,3.0,0.6405797101449275,0.5664739884393064,23.0,3.0,3.1066666666666665,2.0,28.0,4.4,3.5,5.0,14.5,20.0,5.0,11.0,0.7179487179487181,0.4878048780487805,32.0,13.0,0.7524376136175839,0.7027620841180163,9.0,1.0,4553.0,4478.0,32.0,5.0,97.0,840.0,744.0,3.0,13.0,91.0,2.5,9.0,0.06666666666666668,0.07262569832402235,28.0,32.0,6.1,6.4,32.0,5.5,1035.0,1038.0,23.0,13.0,67.0,0.0,0.0,16.5,6.5,26.0,7.0,3063.0,2413.0,2.0,23.0,56.0,2.0,24.5,1.0,0.0,10.0,7.0,239.0,250.0,14.5,21.5,2.06,2.25,30.0,10.0,18.0,32.0,93.4,88.9,15.0,9.5,4758.0,5.0,0.3218884120171674,31.0,0.3594202898550725,0.4335260115606936,10.0,30.0,0.28205128205128205,0.5121951219512195,1.0,20.0,0.2475623863824161,0.2972379158819837,24.0,32.0,372.0,450.0,24.5,27.0,11.0,21.0,32.0,18.5,1498.0,1894.0,21.0,24.0,10.313131313131317,1.0,38.9,42.6,30.0,10.0,0.0,1.0,31.0,4.7,3.7,31.0,9.0,205.0,140.0,31.0,14.0,22.0,30.5,13.5,32.0,38.0,28.5,16.0,29.0,31.0,27.0,10.5,23.0,13.1,14.2,6.0,23.5,28.0,6.5,5.0,11.5,15.5,16.236914600550964,17.0,28350.0,29406.0,24.0,6051.0,6372.0,32.0,8.0,100.0,95.2,1.0,13.5,40.0,42.0,22.0,14.0,40.0,40.0,19.0,14.0,7.5,8.2,31.5,9.0,4.0,4.2,16.5,20.5,11.4,12.9,31.0,19.0,23.5,22.8,12.5,14.5,13.3,9.6,20.5,1.0,5.8,6.1,32.0,8.0,45.7,43.1,4.0,12.5,34.6,37.6,32.0,4.0,-321.0,23.0,1.875,1.9523809523809519,6.0,11.0
2015.0,174.0,172.0,1.0,29.5,359.0,335.0,24.0,3.0,230.0,197.0,17.0,5.0,95.0,107.0,29.0,13.0,34.0,31.0,18.0,13.0,3.0,0.0,1.0,0.0,6.2,6.2,15.5,17.5,7130.0,10.0,6.9,6.6,11.5,20.0,38.0,178.0,159.0,1.5,-0.10000000000000142,14.5,27.0,27.1,11.5,19.0,410.0,66.0,66.0,26.0,8.0,370.0,21.0,5.0,24.0,8.0,17.666666666666668,16.0,60.21,132.47,-87.55,19.0,7.0,-62.96,26.97,20.0,31.0,-53.03,17.0,10.0,80.6,76.9,4.0,29.0,1.0,6.0,8.0,13.0,3.0,1.0,6.0,7.0,8.0,3.0,13.0,8.0,24.0,29.0,18.416666666666668,21.5,15.725,18.0,12.95,13.0,18.5,19.0,26.0,3.0,0.0,0.5,20.0,15.316528925619837,13.0,13.6,10.0,17.0,2.7,2.7,9.5,23.0,1.0,1.0,15.0,11.0,24.5,26.0,22.0,3.5,28.0,0.0,0.0,13.5,19.0,667.0,599.0,10.5,24.0,6.7,6.7,22.5,10.0,15.75,13.0,0.0,1.0,339.0,345.0,14.0,-6.0,15.0,21.5,621.0,561.0,15.5,8.0,0.608574091332712,0.5823293172690763,19.0,15.0,2.421052631578948,13.0,21.0,3.4,3.4,5.0,25.0,19.0,4.0,24.0,0.6176470588235294,0.4871794871794872,32.0,25.5,0.7316624895572263,0.697950377562028,14.0,7.0,4379.0,3882.0,18.0,6.0,100.0,969.0,728.0,1.0,22.0,95.0,3.0,8.0,0.0947075208913649,0.09253731343283582,21.0,18.0,6.3,5.9,27.0,2.0,1073.0,996.0,6.0,7.0,59.0,1.0,0.0,11.0,27.0,28.0,7.0,2735.0,2944.0,4.0,29.0,65.0,5.0,30.5,0.0,0.0,11.5,22.5,255.0,272.0,16.0,23.0,1.84,1.94,17.5,18.0,27.0,31.0,87.8,86.9,12.0,21.0,4599.0,6.0,0.4130434782608696,20.0,0.391425908667288,0.4176706827309237,14.0,18.0,0.38235294117647056,0.5128205128205128,1.0,7.5,0.26833751044277365,0.30204962243797195,19.0,26.0,420.0,416.0,15.0,16.0,13.0,20.0,31.5,13.0,1606.0,1680.0,14.0,19.0,17.8989898989899,22.0,34.5,34.3,16.0,17.0,0.0,0.0,32.0,4.9,3.3,32.0,9.0,220.0,117.0,32.0,12.0,19.0,32.0,9.0,31.0,26.0,3.0,16.5,25.0,20.0,3.0,19.5,30.0,17.2,13.4,9.0,31.0,23.0,17.0,-7.0,27.0,27.0,17.033057851239672,17.0,30972.0,27348.0,1.5,5985.0,5562.0,16.0,7.0,100.0,100.0,30.0,3.0,34.0,39.0,17.5,23.0,34.0,39.0,19.5,16.5,7.4,7.1,12.5,12.0,3.8,4.0,12.5,26.0,11.2,10.8,5.5,20.5,25.7,27.2,30.5,4.0,9.4,9.7,21.0,11.5,5.6,5.6,22.0,10.5,46.4,45.3,20.5,8.0,34.2,32.3,27.0,4.0,423.0,10.0,1.947368421052632,1.775,16.5,7.0
2016.0,204.0,208.0,29.0,8.0,379.0,358.0,29.5,2.0,239.0,232.0,32.0,2.0,108.0,95.0,20.0,7.0,32.0,31.0,16.5,13.5,6.0,0.0,2.0,6.0,9.0,6.3,18.5,1.0,7645.0,2.0,10.1,7.0,16.0,1.0,63.0,170.0,165.0,4.5,3.1000000000000014,5.0,29.5,26.4,3.0,8.5,374.0,69.6,64.4,22.0,3.0,422.0,31.0,12.0,30.0,3.0,22.83333333333333,27.0,299.18,286.22,-126.32,25.0,1.0,20.78,-2.17,28.0,3.0,-125.47,27.0,1.0,91.9,85.2,18.0,3.0,0.0,12.0,8.0,9.0,8.0,0.0,12.0,7.0,9.0,6.0,4.0,10.0,12.5,2.0,18.08333333333333,19.0,4.5125,1.0,3.65,1.0,5.375,3.0,8.0,2.0,0.0,0.5,23.0,8.656611570247932,2.0,3.9,2.0,7.0,1.3,1.8,24.0,5.5,3.0,2.0,12.0,19.0,5.0,23.0,40.0,25.5,30.0,0.0,0.0,13.0,19.5,484.0,905.0,28.0,29.0,8.2,6.2,13.0,1.0,2.083333333333333,1.0,0.0,0.0,540.0,406.0,27.0,134.0,2.0,1.0,537.0,655.0,32.0,26.0,0.5768844221105528,0.6506137865911237,3.0,22.0,2.212962962962963,18.0,38.0,7.1,4.7,23.0,1.0,31.0,28.0,2.5,0.6551724137931034,0.6739130434782609,15.0,13.5,0.7102059221403878,0.7184711230846944,9.0,12.0,4725.0,4267.0,28.0,3.0,104.0,848.0,974.0,24.0,9.5,113.0,23.5,13.5,0.08443271767810026,0.08659217877094973,21.5,22.0,5.9,6.2,29.5,11.5,995.0,1059.0,26.0,26.0,48.0,0.0,0.0,13.0,13.5,23.0,5.0,2244.0,3176.0,15.0,31.0,66.0,8.0,32.0,0.0,0.0,12.0,20.0,273.0,221.0,11.0,12.0,2.98,2.24,27.5,1.0,24.0,26.0,116.8,92.5,22.0,1.0,4960.0,2.0,0.4518828451882845,15.0,0.4231155778894472,0.3493862134088763,30.0,11.0,0.3448275862068966,0.32608695652173914,18.0,19.5,0.2897940778596122,0.2815288769153056,24.0,21.0,421.0,370.0,5.0,12.0,20.0,15.0,19.5,3.5,1928.0,1672.0,17.0,5.0,15.959595959595957,15.0,52.9,39.4,24.0,1.0,0.0,0.0,37.0,6.4,4.9,26.5,24.0,235.0,228.0,14.5,19.0,34.0,17.0,21.5,37.0,27.0,6.0,6.5,34.0,23.0,8.0,4.5,11.0,5.9,12.5,13.0,2.0,22.0,16.0,11.0,4.5,1.5,13.413223140495866,5.0,34680.0,34320.0,4.0,6653.0,5939.0,25.0,2.0,98.2,92.1,12.0,6.0,57.0,38.0,16.0,1.0,56.0,35.0,17.0,1.0,9.2,6.9,12.5,1.0,4.6,4.5,26.5,5.0,13.3,10.7,7.5,1.0,21.0,22.6,21.5,20.0,11.4,9.6,24.5,5.0,6.7,5.6,21.0,1.0,46.8,48.1,31.0,7.0,38.7,34.3,26.0,1.0,714.0,4.0,2.0,1.5333333333333334,29.0,4.5
